Workbook

Sheet DASHBOARD
A1: 📊 ENGLISH CLASS MANAGEMENT — DASHBOARD
A2: All metrics auto-calculate from STUDENTS, ENROLLMENTS & ATTENDANCE_LOG. Yellow cells = inputs you can change.
A4: ▎ SECTION 1 — OVERVIEW
A5: ACTIVE STUDENTS | C5: OVERALL ATTENDANCE RATE | E5: TOTAL STUDENTS | G5: ✅ Completed | K5: =IFERROR(COUNTIF(ATTENDANCE_LOG!$G:$G,"Present")/(COUNTIF(ATTENDANCE_LOG!$G:$G,"Present")+COUNTIF(ATTENDANCE_LOG!$G:$G,"Absent")),0) -> 0.86387518
A6: =COUNTIF(STUDENTS!E:E,"Active") -> 102 | C6: =IFERROR(COUNTIF(ATTENDANCE_LOG!$G:$G,"Present")/(COUNTIF(ATTENDANCE_LOG!$G:$G,"Present")+COUNTIF(ATTENDANCE_LOG!$G:$G,"Absent")),0) -> 0.86387518 | E6: =IFERROR(__xludf.DUMMYFUNCTION("(A6+A9+C9)+COUNTUNIQUE(STUDENTS!A2:A309)-COUNTUNIQUE(STUDENTS!A2:A309)"),308.0) -> 308 | G6: =COUNTIF(STUDENTS!L:L,"✅ Completed") -> 106 | I6: =IFERROR(__xludf.DUMMYFUNCTION("COUNTUNIQUE(STUDENTS!A2:A309)"),308.0) -> 308 | J6: =A6+A9+C9 -> 308
A7: =" out of "&(COUNTIF(STUDENTS!E:E,"Active")+COUNTIF(STUDENTS!E:E,"Inactive")+COUNTIF(STUDENTS!E:E,"Waiting for class"))&" total" -> out of 308 total | C7: =COUNTIF(ATTENDANCE_LOG!G:G,"Present")&" / "&(COUNTIF(ATTENDANCE_LOG!G:G,"Present")+COUNTIF(ATTENDANCE_LOG!G:G,"Absent"))&" sessions" -> 5426 / 6281 sessions
A8: INACTIVE | C8: WAITING FOR CLASS | E8: ⚠ Check | G8: ❌ Dropped
A9: =COUNTIF(STUDENTS!E:E,"Inactive") -> 195 | C9: =COUNTIF(STUDENTS!E:E,"Waiting for class") -> 11 | E9: =COUNTIF(STUDENTS!$L:$L,"⚠ Check") -> 21 | G9: =COUNTIF(STUDENTS!$L:$L,"❌ Dropped") -> 89
A10: completed or stopped | C10: pending placement | E10: flagged for follow-up
A12: ▎ SECTION 2 — ACTIVE STUDENTS BY COURSE | J12: 304 | K12: =J12/1200 -> 0.25333333
A13: Course Name | B13: Active | C13: Inactive | D13: Waiting | E13: Total | F13: % of Active | G13: Bar | J13: 105 | K13: =J13/1200 -> 0.0875
A14: Communication 1 | B14: =COUNTIFS(STUDENTS!G:G,A14,STUDENTS!E:E,"Active") -> 33 | C14: =COUNTIFS(STUDENTS!G:G,A14,STUDENTS!E:E,"Inactive") -> 94 | D14: =COUNTIFS(STUDENTS!G:G,A14,STUDENTS!E:E,"Waiting for class") -> 4 | E14: =B14+C14+D14 -> 131 | F14: =IFERROR(B14/$B$20,0) -> 0.32352941 | G14: =IF($B$20=0,"",REPT("█",ROUND(B14/MAX($B$14:$B$19)*20,0))) -> ████████████████████ | J14: =J12-J13 -> 199 | K14: =J14/1200 -> 0.16583333
A15: Communication 2 | B15: =COUNTIFS(STUDENTS!G:G,A15,STUDENTS!E:E,"Active") -> 15 | C15: =COUNTIFS(STUDENTS!G:G,A15,STUDENTS!E:E,"Inactive") -> 75 | D15: =COUNTIFS(STUDENTS!G:G,A15,STUDENTS!E:E,"Waiting for class") -> 7 | E15: =B15+C15+D15 -> 97 | F15: =IFERROR(B15/$B$20,0) -> 0.14705882 | G15: =IF($B$20=0,"",REPT("█",ROUND(B15/MAX($B$14:$B$19)*20,0))) -> █████████
A16: Communication 3 | B16: =COUNTIFS(STUDENTS!G:G,A16,STUDENTS!E:E,"Active") -> 14 | C16: =COUNTIFS(STUDENTS!G:G,A16,STUDENTS!E:E,"Inactive") -> 7 | D16: =COUNTIFS(STUDENTS!G:G,A16,STUDENTS!E:E,"Waiting for class") -> 0 | E16: =B16+C16+D16 -> 21 | F16: =IFERROR(B16/$B$20,0) -> 0.1372549 | G16: =IF($B$20=0,"",REPT("█",ROUND(B16/MAX($B$14:$B$19)*20,0))) -> ████████
A17: Business English | B17: =COUNTIFS(STUDENTS!G:G,A17,STUDENTS!E:E,"Active") -> 16 | C17: =COUNTIFS(STUDENTS!G:G,A17,STUDENTS!E:E,"Inactive") -> 12 | D17: =COUNTIFS(STUDENTS!G:G,A17,STUDENTS!E:E,"Waiting for class") -> 0 | E17: =B17+C17+D17 -> 28 | F17: =IFERROR(B17/$B$20,0) -> 0.15686275 | G17: =IF($B$20=0,"",REPT("█",ROUND(B17/MAX($B$14:$B$19)*20,0))) -> ██████████
A18: Foundation | B18: =COUNTIFS(STUDENTS!G:G,A18,STUDENTS!E:E,"Active") -> 21 | C18: =COUNTIFS(STUDENTS!G:G,A18,STUDENTS!E:E,"Inactive") -> 7 | D18: =COUNTIFS(STUDENTS!G:G,A18,STUDENTS!E:E,"Waiting for class") -> 0 | E18: =B18+C18+D18 -> 28 | F18: =IFERROR(B18/$B$20,0) -> 0.20588235 | G18: =IF($B$20=0,"",REPT("█",ROUND(B18/MAX($B$14:$B$19)*20,0))) -> █████████████
A19: Extension of Foundation | B19: =COUNTIFS(STUDENTS!G:G,A19,STUDENTS!E:E,"Active") -> 3 | C19: =COUNTIFS(STUDENTS!G:G,A19,STUDENTS!E:E,"Inactive") -> 0 | D19: =COUNTIFS(STUDENTS!G:G,A19,STUDENTS!E:E,"Waiting for class") -> 0 | E19: =B19+C19+D19 -> 3 | F19: =IFERROR(B19/$B$20,0) -> 0.029411765 | G19: =IF($B$20=0,"",REPT("█",ROUND(B19/MAX($B$14:$B$19)*20,0))) -> ██
A20: TOTAL | B20: =SUM(B14:B19) -> 102 | C20: =SUM(C14:C19) -> 195 | D20: =SUM(D14:D19) -> 11 | E20: =SUM(E14:E19) -> 308 | F20: =IFERROR(B20/E20,0) -> 0.33116883
A22: ▎ SECTION 3 — WHY STUDENTS GO INACTIVE
A23: Drop Reason | B23: Count | C23: % | E23: Inactive Classification | F23: Count | G23: %
A24: High workload | B24: =COUNTIF(STUDENTS!N:N,A24) -> 102 | C24: =IFERROR(B24/SUM($B$24:$B$29),0) -> 0.52849741 | E24: Completed (no continuation) | F24: =COUNTIF(STUDENTS!M:M,E24) -> 106 | G24: =IFERROR(F24/SUM($F$24:$F$27),0) -> 0.54358974
A25: Prefer different learning format | B25: =COUNTIF(STUDENTS!N:N,A25) -> 25 | C25: =IFERROR(B25/SUM($B$24:$B$29),0) -> 0.12953368 | E25: Discontinued mid-course | F25: =COUNTIF(STUDENTS!M:M,E25) -> 89 | G25: =IFERROR(F25/SUM($F$24:$F$27),0) -> 0.45641026
A26: Learning goal achieved | B26: =COUNTIF(STUDENTS!N:N,A26) -> 42 | C26: =IFERROR(B26/SUM($B$24:$B$29),0) -> 0.21761658 | E26: Business EL, chờ xếp lớp | F26: =COUNTIF(STUDENTS!M:M,E26) -> 0 | G26: =IFERROR(F26/SUM($F$24:$F$27),0) -> 0
A27: Team restructuring | B27: =COUNTIF(STUDENTS!N:N,A27) -> 5 | C27: =IFERROR(B27/SUM($B$24:$B$29),0) -> 0.025906736 | E27: BE, chờ xếp lớp | F27: =COUNTIF(STUDENTS!M:M,E27) -> 0 | G27: =IFERROR(F27/SUM($F$24:$F$27),0) -> 0
A28: Maternity leave | B28: =COUNTIF(STUDENTS!N:N,A28) -> 3 | C28: =IFERROR(B28/SUM($B$24:$B$29),0) -> 0.015544041
A29: Resign | B29: =COUNTIF(STUDENTS!N:N,A29) -> 16 | C29: =IFERROR(B29/SUM($B$24:$B$29),0) -> 0.082901554
A30: TOTAL | B30: =SUM(B24:B29) -> 193 | C30: =sum(C24:D29) -> 1 | E30: TOTAL | F30: =SUM(F24:F28) -> 195
A32: ▎ SECTION 4 — CLASS PROGRESS
A33: Class Code | B33: Course Name | C33: PIC | D33: Sessions Done | E33: Expected | F33: Progress % | G33: Progress Bar | H33: Status
A34: EL001 | B34: Communication 1 | C34: =IFERROR(VLOOKUP(A34,PIC!A:B,2,0),"") -> Anh Vu | D34: =IFERROR(MAXIFS(ATTENDANCE_LOG!E:E,ATTENDANCE_LOG!A:A,A34,ATTENDANCE_LOG!B:B,B34),0) -> 10 | E34: =IFERROR(VLOOKUP(B34,COURSE_PLAN!A:B,2,0),0) -> 10 | F34: =IFERROR(MIN(D34/E34,1),0) -> 1 | G34: =IF(E34=0,"—",REPT("█",ROUND(F34*20,0))&REPT("░",20-ROUND(F34*20,0))) -> ████████████████████ | H34: =IF(E34=0,"No plan",IF(F34>=1,"✅ Done",IF(F34>=0.75,"🟢 Almost",IF(F34>=0.25,"🔄 In progress",IF(F34>0,"🟡 Just started","⚪ Not started"))))) -> ✅ Done
A35: EL001 | B35: Communication 2 | C35: =IFERROR(VLOOKUP(A35,PIC!A:B,2,0),"") -> Anh Vu | D35: =IFERROR(MAXIFS(ATTENDANCE_LOG!E:E,ATTENDANCE_LOG!A:A,A35,ATTENDANCE_LOG!B:B,B35),0) -> 16 | E35: =IFERROR(VLOOKUP(B35,COURSE_PLAN!A:B,2,0),0) -> 16 | F35: =IFERROR(MIN(D35/E35,1),0) -> 1 | G35: =IF(E35=0,"—",REPT("█",ROUND(F35*20,0))&REPT("░",20-ROUND(F35*20,0))) -> ████████████████████ | H35: =IF(E35=0,"No plan",IF(F35>=1,"✅ Done",IF(F35>=0.75,"🟢 Almost",IF(F35>=0.25,"🔄 In progress",IF(F35>0,"🟡 Just started","⚪ Not started"))))) -> ✅ Done
A36: EL002 | B36: Communication 1 | C36: =IFERROR(VLOOKUP(A36,PIC!A:B,2,0),"") -> Buu Do 1 | D36: =IFERROR(MAXIFS(ATTENDANCE_LOG!E:E,ATTENDANCE_LOG!A:A,A36,ATTENDANCE_LOG!B:B,B36),0) -> 10 | E36: =IFERROR(VLOOKUP(B36,COURSE_PLAN!A:B,2,0),0) -> 10 | F36: =IFERROR(MIN(D36/E36,1),0) -> 1 | G36: =IF(E36=0,"—",REPT("█",ROUND(F36*20,0))&REPT("░",20-ROUND(F36*20,0))) -> ████████████████████ | H36: =IF(E36=0,"No plan",IF(F36>=1,"✅ Done",IF(F36>=0.75,"🟢 Almost",IF(F36>=0.25,"🔄 In progress",IF(F36>0,"🟡 Just started","⚪ Not started"))))) -> ✅ Done
A37: EL003 | B37: Communication 1 | C37: =IFERROR(VLOOKUP(A37,PIC!A:B,2,0),"") -> Buu Do 2 | D37: =IFERROR(MAXIFS(ATTENDANCE_LOG!E:E,ATTENDANCE_LOG!A:A,A37,ATTENDANCE_LOG!B:B,B37),0) -> 10 | E37: =IFERROR(VLOOKUP(B37,COURSE_PLAN!A:B,2,0),0) -> 10 | F37: =IFERROR(MIN(D37/E37,1),0) -> 1 | G37: =IF(E37=0,"—",REPT("█",ROUND(F37*20,0))&REPT("░",20-ROUND(F37*20,0))) -> ████████████████████ | H37: =IF(E37=0,"No plan",IF(F37>=1,"✅ Done",IF(F37>=0.75,"🟢 Almost",IF(F37>=0.25,"🔄 In progress",IF(F37>0,"🟡 Just started","⚪ Not started"))))) -> ✅ Done
A38: EL004 | B38: Communication 1 | C38: =IFERROR(VLOOKUP(A38,PIC!A:B,2,0),"") -> Cuong Nguyen | D38: =IFERROR(MAXIFS(ATTENDANCE_LOG!E:E,ATTENDANCE_LOG!A:A,A38,ATTENDANCE_LOG!B:B,B38),0) -> 10 | E38: =IFERROR(VLOOKUP(B38,COURSE_PLAN!A:B,2,0),0) -> 10 | F38: =IFERROR(MIN(D38/E38,1),0) -> 1 | G38: =IF(E38=0,"—",REPT("█",ROUND(F38*20,0))&REPT("░",20-ROUND(F38*20,0))) -> ████████████████████ | H38: =IF(E38=0,"No plan",IF(F38>=1,"✅ Done",IF(F38>=0.75,"🟢 Almost",IF(F38>=0.25,"🔄 In progress",IF(F38>0,"🟡 Just started","⚪ Not started"))))) -> ✅ Done
A39: EL004 | B39: Communication 2 | C39: =IFERROR(VLOOKUP(A39,PIC!A:B,2,0),"") -> Cuong Nguyen | D39: =IFERROR(MAXIFS(ATTENDANCE_LOG!E:E,ATTENDANCE_LOG!A:A,A39,ATTENDANCE_LOG!B:B,B39),0) -> 16 | E39: =IFERROR(VLOOKUP(B39,COURSE_PLAN!A:B,2,0),0) -> 16 | F39: =IFERROR(MIN(D39/E39,1),0) -> 1 | G39: =IF(E39=0,"—",REPT("█",ROUND(F39*20,0))&REPT("░",20-ROUND(F39*20,0))) -> ████████████████████ | H39: =IF(E39=0,"No plan",IF(F39>=1,"✅ Done",IF(F39>=0.75,"🟢 Almost",IF(F39>=0.25,"🔄 In progress",IF(F39>0,"🟡 Just started","⚪ Not started"))))) -> ✅ Done
A40: EL005 | B40: Communication 1 | C40: =IFERROR(VLOOKUP(A40,PIC!A:B,2,0),"") -> Duc Nguyen | D40: =IFERROR(MAXIFS(ATTENDANCE_LOG!E:E,ATTENDANCE_LOG!A:A,A40,ATTENDANCE_LOG!B:B,B40),0) -> 10 | E40: =IFERROR(VLOOKUP(B40,COURSE_PLAN!A:B,2,0),0) -> 10 | F40: =IFERROR(MIN(D40/E40,1),0) -> 1 | G40: =IF(E40=0,"—",REPT("█",ROUND(F40*20,0))&REPT("░",20-ROUND(F40*20,0))) -> ████████████████████ | H40: =IF(E40=0,"No plan",IF(F40>=1,"✅ Done",IF(F40>=0.75,"🟢 Almost",IF(F40>=0.25,"🔄 In progress",IF(F40>0,"🟡 Just started","⚪ Not started"))))) -> ✅ Done
A41: EL006 | B41: Communication 1 | C41: =IFERROR(VLOOKUP(A41,PIC!A:B,2,0),"") -> Dat Nguyen | D41: =IFERROR(MAXIFS(ATTENDANCE_LOG!E:E,ATTENDANCE_LOG!A:A,A41,ATTENDANCE_LOG!B:B,B41),0) -> 10 | E41: =IFERROR(VLOOKUP(B41,COURSE_PLAN!A:B,2,0),0) -> 10 | F41: =IFERROR(MIN(D41/E41,1),0) -> 1 | G41: =IF(E41=0,"—",REPT("█",ROUND(F41*20,0))&REPT("░",20-ROUND(F41*20,0))) -> ████████████████████ | H41: =IF(E41=0,"No plan",IF(F41>=1,"✅ Done",IF(F41>=0.75,"🟢 Almost",IF(F41>=0.25,"🔄 In progress",IF(F41>0,"🟡 Just started","⚪ Not started"))))) -> ✅ Done
A42: EL007 | B42: Communication 1 | C42: =IFERROR(VLOOKUP(A42,PIC!A:B,2,0),"") -> Nhat Nguyen | D42: =IFERROR(MAXIFS(ATTENDANCE_LOG!E:E,ATTENDANCE_LOG!A:A,A42,ATTENDANCE_LOG!B:B,B42),0) -> 12 | E42: =IFERROR(VLOOKUP(B42,COURSE_PLAN!A:B,2,0),0) -> 10 | F42: =IFERROR(MIN(D42/E42,1),0) -> 1 | G42: =IF(E42=0,"—",REPT("█",ROUND(F42*20,0))&REPT("░",20-ROUND(F42*20,0))) -> ████████████████████ | H42: =IF(E42=0,"No plan",IF(F42>=1,"✅ Done",IF(F42>=0.75,"🟢 Almost",IF(F42>=0.25,"🔄 In progress",IF(F42>0,"🟡 Just started","⚪ Not started"))))) -> ✅ Done
A43: EL007 | B43: Communication 2 | C43: =IFERROR(VLOOKUP(A43,PIC!A:B,2,0),"") -> Nhat Nguyen | D43: =IFERROR(MAXIFS(ATTENDANCE_LOG!E:E,ATTENDANCE_LOG!A:A,A43,ATTENDANCE_LOG!B:B,B43),0) -> 16 | E43: =IFERROR(VLOOKUP(B43,COURSE_PLAN!A:B,2,0),0) -> 16 | F43: =IFERROR(MIN(D43/E43,1),0) -> 1 | G43: =IF(E43=0,"—",REPT("█",ROUND(F43*20,0))&REPT("░",20-ROUND(F43*20,0))) -> ████████████████████ | H43: =IF(E43=0,"No plan",IF(F43>=1,"✅ Done",IF(F43>=0.75,"🟢 Almost",IF(F43>=0.25,"🔄 In progress",IF(F43>0,"🟡 Just started","⚪ Not started"))))) -> ✅ Done
A44: EL008 | B44: Communication 1 | C44: =IFERROR(VLOOKUP(A44,PIC!A:B,2,0),"") -> Hung Nguyen | D44: =IFERROR(MAXIFS(ATTENDANCE_LOG!E:E,ATTENDANCE_LOG!A:A,A44,ATTENDANCE_LOG!B:B,B44),0) -> 10 | E44: =IFERROR(VLOOKUP(B44,COURSE_PLAN!A:B,2,0),0) -> 10 | F44: =IFERROR(MIN(D44/E44,1),0) -> 1 | G44: =IF(E44=0,"—",REPT("█",ROUND(F44*20,0))&REPT("░",20-ROUND(F44*20,0))) -> ████████████████████ | H44: =IF(E44=0,"No plan",IF(F44>=1,"✅ Done",IF(F44>=0.75,"🟢 Almost",IF(F44>=0.25,"🔄 In progress",IF(F44>0,"🟡 Just started","⚪ Not started"))))) -> ✅ Done
A45: EL008 | B45: Communication 2 | C45: =IFERROR(VLOOKUP(A45,PIC!A:B,2,0),"") -> Hung Nguyen | D45: =IFERROR(MAXIFS(ATTENDANCE_LOG!E:E,ATTENDANCE_LOG!A:A,A45,ATTENDANCE_LOG!B:B,B45),0) -> 16 | E45: =IFERROR(VLOOKUP(B45,COURSE_PLAN!A:B,2,0),0) -> 16 | F45: =IFERROR(MIN(D45/E45,1),0) -> 1 | G45: =IF(E45=0,"—",REPT("█",ROUND(F45*20,0))&REPT("░",20-ROUND(F45*20,0))) -> ████████████████████ | H45: =IF(E45=0,"No plan",IF(F45>=1,"✅ Done",IF(F45>=0.75,"🟢 Almost",IF(F45>=0.25,"🔄 In progress",IF(F45>0,"🟡 Just started","⚪ Not started"))))) -> ✅ Done
... A104: EL051 | B104: Communication 1 | C104: =IFERROR(VLOOKUP(A104,PIC!A:B,2,0),"") -> Trang Nguyen | D104: =IFERROR(MAXIFS(ATTENDANCE_LOG!E:E,ATTENDANCE_LOG!A:A,A104,ATTENDANCE_LOG!B:B,B104),0) -> 12 | E104: =IFERROR(VLOOKUP(B104,COURSE_PLAN!A:B,2,0),0) -> 10 | F104: =IFERROR(MIN(D104/E104,1),0) -> 1 | G104: =IF(E104=0,"—",REPT("█",ROUND(F104*20,0))&REPT("░",20-ROUND(F104*20,0))) -> ████████████████████ | H104: =IF(E104=0,"No plan",IF(F104>=1,"✅ Done",IF(F104>=0.75,"🟢 Almost",IF(F104>=0.25,"🔄 In progress",IF(F104>0,"🟡 Just started","⚪ Not started"))))) -> ✅ Done
A105: EL010 | B105: Communication 2 | C105: =IFERROR(VLOOKUP(A105,PIC!A:B,2,0),"") -> Huy Tran 1 | D105: =IFERROR(MAXIFS(ATTENDANCE_LOG!E:E,ATTENDANCE_LOG!A:A,A105,ATTENDANCE_LOG!B:B,B105),0) -> 4 | E105: =IFERROR(VLOOKUP(B105,COURSE_PLAN!A:B,2,0),0) -> 16 | F105: =IFERROR(MIN(D105/E105,1),0) -> 0.25 | G105: =IF(E105=0,"—",REPT("█",ROUND(F105*20,0))&REPT("░",20-ROUND(F105*20,0))) -> █████░░░░░░░░░░░░░░░ | H105: Dropped
A106: EL015 | B106: Communication 2 | C106: =IFERROR(VLOOKUP(A106,PIC!A:B,2,0),"") -> Thao Vu 2 | D106: =IFERROR(MAXIFS(ATTENDANCE_LOG!E:E,ATTENDANCE_LOG!A:A,A106,ATTENDANCE_LOG!B:B,B106),0) -> 4 | E106: =IFERROR(VLOOKUP(B106,COURSE_PLAN!A:B,2,0),0) -> 16 | F106: =IFERROR(MIN(D106/E106,1),0) -> 0.25 | G106: =IF(E106=0,"—",REPT("█",ROUND(F106*20,0))&REPT("░",20-ROUND(F106*20,0))) -> █████░░░░░░░░░░░░░░░ | H106: Dropped
A107: EL016 | B107: Communication 1 | C107: =IFERROR(VLOOKUP(A107,PIC!A:B,2,0),"") -> Minh Nguyen | D107: =IFERROR(MAXIFS(ATTENDANCE_LOG!E:E,ATTENDANCE_LOG!A:A,A107,ATTENDANCE_LOG!B:B,B107),0) -> 3 | E107: =IFERROR(VLOOKUP(B107,COURSE_PLAN!A:B,2,0),0) -> 10 | F107: =IFERROR(MIN(D107/E107,1),0) -> 0.3 | G107: =IF(E107=0,"—",REPT("█",ROUND(F107*20,0))&REPT("░",20-ROUND(F107*20,0))) -> ██████░░░░░░░░░░░░░░ | H107: Dropped
A108: EL018 | B108: Communication 2 | C108: =IFERROR(VLOOKUP(A108,PIC!A:B,2,0),"") -> Nhat Phan 1 | D108: =IFERROR(MAXIFS(ATTENDANCE_LOG!E:E,ATTENDANCE_LOG!A:A,A108,ATTENDANCE_LOG!B:B,B108),0) -> 12 | E108: =IFERROR(VLOOKUP(B108,COURSE_PLAN!A:B,2,0),0) -> 16 | F108: =IFERROR(MIN(D108/E108,1),0) -> 0.75 | G108: =IF(E108=0,"—",REPT("█",ROUND(F108*20,0))&REPT("░",20-ROUND(F108*20,0))) -> ███████████████░░░░░ | H108: Dropped
A109: EL020 | B109: Communication 2 | C109: =IFERROR(VLOOKUP(A109,PIC!A:B,2,0),"") -> Qui Em | D109: =IFERROR(MAXIFS(ATTENDANCE_LOG!E:E,ATTENDANCE_LOG!A:A,A109,ATTENDANCE_LOG!B:B,B109),0) -> 7 | E109: =IFERROR(VLOOKUP(B109,COURSE_PLAN!A:B,2,0),0) -> 16 | F109: =IFERROR(MIN(D109/E109,1),0) -> 0.4375 | G109: =IF(E109=0,"—",REPT("█",ROUND(F109*20,0))&REPT("░",20-ROUND(F109*20,0))) -> █████████░░░░░░░░░░░ | H109: Dropped
A110: EL026 | B110: Communication 2 | C110: =IFERROR(VLOOKUP(A110,PIC!A:B,2,0),"") -> My Tran | D110: =IFERROR(MAXIFS(ATTENDANCE_LOG!E:E,ATTENDANCE_LOG!A:A,A110,ATTENDANCE_LOG!B:B,B110),0) -> 11 | E110: =IFERROR(VLOOKUP(B110,COURSE_PLAN!A:B,2,0),0) -> 16 | F110: =IFERROR(MIN(D110/E110,1),0) -> 0.6875 | G110: =IF(E110=0,"—",REPT("█",ROUND(F110*20,0))&REPT("░",20-ROUND(F110*20,0))) -> ██████████████░░░░░░ | H110: Dropped
A111: EL038 | B111: Communication 2 | C111: =IFERROR(VLOOKUP(A111,PIC!A:B,2,0),"") -> My Nguyen | D111: =IFERROR(MAXIFS(ATTENDANCE_LOG!E:E,ATTENDANCE_LOG!A:A,A111,ATTENDANCE_LOG!B:B,B111),0) -> 5 | E111: =IFERROR(VLOOKUP(B111,COURSE_PLAN!A:B,2,0),0) -> 16 | F111: =IFERROR(MIN(D111/E111,1),0) -> 0.3125 | G111: =IF(E111=0,"—",REPT("█",ROUND(F111*20,0))&REPT("░",20-ROUND(F111*20,0))) -> ██████░░░░░░░░░░░░░░ | H111: Dropped
A113: ▎ SECTION 5 — LOOK UP A CLASS
A114: Enter Class Code → | B114: EL001
A115: PIC | B115: =IFERROR(VLOOKUP($B$114,PIC!A:B,2,0),"Not found") -> Anh Vu | I115: % tang level theo lop
A116: Total Enrollments | B116: =COUNTIF(sheet2!C:C,$B$114) -> 15
A117: Sessions Logged | B117: =COUNTIF(ATTENDANCE_LOG!A:A,$B$114) -> 192
A118: Sessions Present | B118: =COUNTIFS(ATTENDANCE_LOG!A:A,$B$114,ATTENDANCE_LOG!G:G,"Present") -> 188
A119: Sessions Absent | B119: =COUNTIFS(ATTENDANCE_LOG!A:A,$B$114,ATTENDANCE_LOG!G:G,"Absent") -> 4
A120: Class Attendance Rate | B120: =IFERROR(COUNTIFS(ATTENDANCE_LOG!A:A,$B$114,ATTENDANCE_LOG!G:G,"Present")/(COUNTIFS(ATTENDANCE_LOG!A:A,$B$114,ATTENDANCE_LOG!G:G,"Present")+COUNTIFS(ATTENDANCE_LOG!A:A,$B$114,ATTENDANCE_LOG!G:G,"Absent")),0) -> 0.97916667
A122: ▎ SECTION 6 — LOOK UP A STUDENT
A123: Enter Emp Code → | B123: 227047
A124: Full Name | B124: =IFERROR(VLOOKUP($B$123&"",STUDENTS!A:B,2,0),"Not found") -> LÊ THANH SƠN
A125: Status | B125: =IFERROR(VLOOKUP($B$123&"",STUDENTS!A:E,5,0),"") -> Inactive
A126: PIC | B126: =IFERROR(VLOOKUP($B$123&"",STUDENTS!A:F,6,0),"") -> Thien Truong
A127: Current Course | B127: =IFERROR(VLOOKUP($B$123&"",STUDENTS!A:G,7,0),"") -> Communication 3
A128: Last Active Date | B128: =IFERROR(VLOOKUP($B$123&"",STUDENTS!A:J,10,0),"") -> 46169.458
A129: Days Since Active | B129: =IFERROR(VLOOKUP($B$123&"",STUDENTS!A:K,11,0),"") -> 43.541667
A130: Drop Flag | B130: =IFERROR(VLOOKUP($B$123&"",STUDENTS!A:L,12,0),"") -> ❌ Dropped
A131: At Risk Flag | B131: =IFERROR(VLOOKUP($B$123&"",STUDENTS!A:L,13,0),"")
A132: Total Enrollments | B132: =COUNTIF(sheet2!A:A,$B$123&"") -> 3
A133: Sessions Attended | B133: =COUNTIFS(ATTENDANCE_LOG!C:C,$B$123&"",ATTENDANCE_LOG!G:G,"Present") -> 34
A134: Sessions Missed | B134: =COUNTIFS(ATTENDANCE_LOG!C:C,$B$123&"",ATTENDANCE_LOG!G:G,"Absent") -> 2
A135: Personal Attendance Rate | B135: =IFERROR(COUNTIFS(ATTENDANCE_LOG!C:C,$B$123&"",ATTENDANCE_LOG!G:G,"Present")/(COUNTIFS(ATTENDANCE_LOG!C:C,$B$123&"",ATTENDANCE_LOG!G:G,"Present")+COUNTIFS(ATTENDANCE_LOG!C:C,$B$123&"",ATTENDANCE_LOG!G:G,"Absent")),0) -> 0.94444444
A138: ▎ SECTION 7 — LEARNING EFFECTIVENESS (PROGRAM ROI)
A139: Source: sheet2 (Progress Category Overall) — most accurate split between tested vs not-tested students
A140: TOTAL STUDENTS | C140: TESTED (with final result) | E140: LEVEL UP COUNT | G140: LEVEL UP % (of tested)
A141: =COUNTIFS(sheet2!$S:$S,1) -> 301 | C141: =COUNTIFS(sheet2!$S:$S,1)-COUNTIFS(sheet2!$S:$S,1,sheet2!$R:$R,"Not tested yet") -> 219 | E141: =COUNTIFS(sheet2!$S:$S,1,sheet2!$R:$R,"Lv1 → Lv2") +COUNTIFS(sheet2!$S:$S,1,sheet2!$R:$R,"Lv2 → Lv3") +COUNTIFS(sheet2!$S:$S,1,sheet2!$R:$R,"Lv3 → Lv4") +COUNTIFS(sheet2!$S:$S,1,sheet2!$R:$R,"Lv1 → Lv3 (multi)") -> 145 | G141: =IFERROR( (COUNTIFS(sheet2!$S:$S,1,sheet2!$R:$R,"Lv1 → Lv2") +COUNTIFS(sheet2!$S:$S,1,sheet2!$R:$R,"Lv2 → Lv3") +COUNTIFS(sheet2!$S:$S,1,sheet2!$R:$R,"Lv3 → Lv4") +COUNTIFS(sheet2!$S:$S,1,sheet2!$R:$R,"Lv1 → Lv3 (multi)")) / (COUNTIFS(sheet2!$S:$S,1)-COUNTIFS(sheet2!$S:$S,1,sheet2!$R:$R,"Not tested yet")) ,0) -> 0.66210046
A142: ="unique emp codes" -> unique emp codes | C142: =TEXT((COUNTIFS(sheet2!$S:$S,1)-COUNTIFS(sheet2!$S:$S,1,sheet2!$R:$R,"Not tested yet"))/COUNTIFS(sheet2!$S:$S,1),"0.0%")&" of all students" -> 72,8% of all students | G142: ="students who advanced ≥ 1 group" -> students who advanced ≥ 1 group
A144: AVG LEVEL Δ (tested only)
A145: =IFERROR( SUMPRODUCT( (sheet2!$S$2:$S$538=1) *(sheet2!$R$2:$R$538<>"Not tested yet") *(sheet2!$O$2:$O$538-sheet2!$N$2:$N$538) ) / SUMPRODUCT( (sheet2!$S$2:$S$538=1) *(sheet2!$R$2:$R$538<>"Not tested yet") ) ,0) -> 1.7762557
A146: ="Best Final − First Entrance (0.5 = half level)" -> Best Final − First Entrance (0.5 = half level)
A148: Progress Category | B148: Count | C148: % of Total (301) | D148: % of Tested
A149: Lv1 → Lv2 | B149: =COUNTIFS(sheet2!$S:$S,1,sheet2!$R:$R,"Lv1 → Lv2") -> 96 | C149: =IFERROR(B149/$B$157,0) -> 0.31893688 | D149: =IFERROR(B149/($B$157-$B$156),0) -> 0.43835616
A150: Lv2 → Lv3 | B150: =COUNTIFS(sheet2!$S:$S,1,sheet2!$R:$R,"Lv2 → Lv3") -> 13 | C150: =IFERROR(B150/$B$157,0) -> 0.043189369 | D150: =IFERROR(B150/($B$157-$B$156),0) -> 0.059360731
A151: Lv3 → Lv4 | B151: =COUNTIFS(sheet2!$S:$S,1,sheet2!$R:$R,"Lv3 → Lv4") -> 6 | C151: =IFERROR(B151/$B$157,0) -> 0.019933555 | D151: =IFERROR(B151/($B$157-$B$156),0) -> 0.02739726
A152: Lv1 → Lv3 (multi) | B152: =COUNTIFS(sheet2!$S:$S,1,sheet2!$R:$R,"Lv1 → Lv3 (multi)") -> 30 | C152: =IFERROR(B152/$B$157,0) -> 0.099667774 | D152: =IFERROR(B152/($B$157-$B$156),0) -> 0.1369863
A153: Progress within level | B153: =COUNTIFS(sheet2!$S:$S,1,sheet2!$R:$R,"Progress within level") -> 32 | C153: =IFERROR(B153/$B$157,0) -> 0.10631229 | D153: =IFERROR(B153/($B$157-$B$156),0) -> 0.14611872
A154: No Progress | B154: =COUNTIFS(sheet2!$S:$S,1,sheet2!$R:$R,"No Progress") -> 40 | C154: =IFERROR(B154/$B$157,0) -> 0.13289037 | D154: =IFERROR(B154/($B$157-$B$156),0) -> 0.1826484
A155: Regressed | B155: =COUNTIFS(sheet2!$S:$S,1,sheet2!$R:$R,"Regressed") -> 2 | C155: =IFERROR(B155/$B$157,0) -> 0.0066445183 | D155: =IFERROR(B155/($B$157-$B$156),0) -> 0.0091324201
A156: Not tested yet | B156: =COUNTIFS(sheet2!$S:$S,1,sheet2!$R:$R,"Not tested yet") -> 82 | C156: =IFERROR(B156/$B$157,0) -> 0.27242525 | D156: — n/a —
A157: TOTAL | B157: =COUNTIFS(sheet2!$S:$S,1) -> 301 | C157: =SUM(C149:C156) -> 1 | D157: 1
A159: ▎ SECTION 8
A160: BU | B160: Total | C160: Tested | D160: Not Tested | E160: Level Up | F160: % Level Up (of tested) | G160: Avg Level Δ | H160: No Progress / Regressed
A161: BSG | B161: =COUNTIFS(sheet2!$M:$M,A161,sheet2!$S:$S,1) -> 7 | C161: =B161-D161 -> 5 | D161: =COUNTIFS(sheet2!$M:$M,A161,sheet2!$S:$S,1,sheet2!$R:$R,"Not tested yet") -> 2 | E161: =COUNTIFS(sheet2!$M:$M,A161,sheet2!$S:$S,1,sheet2!$R:$R,"Lv1 → Lv2") +COUNTIFS(sheet2!$M:$M,A161,sheet2!$S:$S,1,sheet2!$R:$R,"Lv2 → Lv3") +COUNTIFS(sheet2!$M:$M,A161,sheet2!$S:$S,1,sheet2!$R:$R,"Lv3 → Lv4") +COUNTIFS(sheet2!$M:$M,A161,sheet2!$S:$S,1,sheet2!$R:$R,"Lv1 → Lv3 (multi)") -> 2 | F161: =IFERROR(E161/C161,0) -> 0.4 | G161: =IFERROR( SUMPRODUCT( (sheet2!$M$2:$M$538=A161) *(sheet2!$S$2:$S$538=1) *(sheet2!$R$2:$R$538<>"Not tested yet") *(sheet2!$O$2:$O$538-sheet2!$N$2:$N$538) ) / SUMPRODUCT( (sheet2!$M$2:$M$538=A161) *(sheet2!$S$2:$S$538=1) *(sheet2!$R$2:$R$538<>"Not tested yet") ) ,0) -> 0.7 | H161: =COUNTIFS(sheet2!$M:$M,A161,sheet2!$S:$S,1,sheet2!$R:$R,"No Progress") +COUNTIFS(sheet2!$M:$M,A161,sheet2!$S:$S,1,sheet2!$R:$R,"Regressed") -> 3
A162: CHORUS | B162: =COUNTIFS(sheet2!$M:$M,A162,sheet2!$S:$S,1) -> 61 | C162: =B162-D162 -> 37 | D162: =COUNTIFS(sheet2!$M:$M,A162,sheet2!$S:$S,1,sheet2!$R:$R,"Not tested yet") -> 24 | E162: =COUNTIFS(sheet2!$M:$M,A162,sheet2!$S:$S,1,sheet2!$R:$R,"Lv1 → Lv2") +COUNTIFS(sheet2!$M:$M,A162,sheet2!$S:$S,1,sheet2!$R:$R,"Lv2 → Lv3") +COUNTIFS(sheet2!$M:$M,A162,sheet2!$S:$S,1,sheet2!$R:$R,"Lv3 → Lv4") +COUNTIFS(sheet2!$M:$M,A162,sheet2!$S:$S,1,sheet2!$R:$R,"Lv1 → Lv3 (multi)") -> 22 | F162: =IFERROR(E162/C162,0) -> 0.59459459 | G162: =IFERROR( SUMPRODUCT( (sheet2!$M$2:$M$538=A162) *(sheet2!$S$2:$S$538=1) *(sheet2!$R$2:$R$538<>"Not tested yet") *(sheet2!$O$2:$O$538-sheet2!$N$2:$N$538) ) / SUMPRODUCT( (sheet2!$M$2:$M$538=A162) *(sheet2!$S$2:$S$538=1) *(sheet2!$R$2:$R$538<>"Not tested yet") ) ,0) -> 1.2432432 | H162: =COUNTIFS(sheet2!$M:$M,A162,sheet2!$S:$S,1,sheet2!$R:$R,"No Progress") +COUNTIFS(sheet2!$M:$M,A162,sheet2!$S:$S,1,sheet2!$R:$R,"Regressed") -> 10
A163: LBU | B163: =COUNTIFS(sheet2!$M:$M,A163,sheet2!$S:$S,1) -> 62 | C163: =B163-D163 -> 48 | D163: =COUNTIFS(sheet2!$M:$M,A163,sheet2!$S:$S,1,sheet2!$R:$R,"Not tested yet") -> 14 | E163: =COUNTIFS(sheet2!$M:$M,A163,sheet2!$S:$S,1,sheet2!$R:$R,"Lv1 → Lv2") +COUNTIFS(sheet2!$M:$M,A163,sheet2!$S:$S,1,sheet2!$R:$R,"Lv2 → Lv3") +COUNTIFS(sheet2!$M:$M,A163,sheet2!$S:$S,1,sheet2!$R:$R,"Lv3 → Lv4") +COUNTIFS(sheet2!$M:$M,A163,sheet2!$S:$S,1,sheet2!$R:$R,"Lv1 → Lv3 (multi)") -> 32 | F163: =IFERROR(E163/C163,0) -> 0.66666667 | G163: =IFERROR( SUMPRODUCT( (sheet2!$M$2:$M$538=A163) *(sheet2!$S$2:$S$538=1) *(sheet2!$R$2:$R$538<>"Not tested yet") *(sheet2!$O$2:$O$538-sheet2!$N$2:$N$538) ) / SUMPRODUCT( (sheet2!$M$2:$M$538=A163) *(sheet2!$S$2:$S$538=1) *(sheet2!$R$2:$R$538<>"Not tested yet") ) ,0) -> 1.71875 | H163: =COUNTIFS(sheet2!$M:$M,A163,sheet2!$S:$S,1,sheet2!$R:$R,"No Progress") +COUNTIFS(sheet2!$M:$M,A163,sheet2!$S:$S,1,sheet2!$R:$R,"Regressed") -> 6
A164: MOC | B164: =COUNTIFS(sheet2!$M:$M,A164,sheet2!$S:$S,1) -> 57 | C164: =B164-D164 -> 56 | D164: =COUNTIFS(sheet2!$M:$M,A164,sheet2!$S:$S,1,sheet2!$R:$R,"Not tested yet") -> 1 | E164: =COUNTIFS(sheet2!$M:$M,A164,sheet2!$S:$S,1,sheet2!$R:$R,"Lv1 → Lv2") +COUNTIFS(sheet2!$M:$M,A164,sheet2!$S:$S,1,sheet2!$R:$R,"Lv2 → Lv3") +COUNTIFS(sheet2!$M:$M,A164,sheet2!$S:$S,1,sheet2!$R:$R,"Lv3 → Lv4") +COUNTIFS(sheet2!$M:$M,A164,sheet2!$S:$S,1,sheet2!$R:$R,"Lv1 → Lv3 (multi)") -> 46 | F164: =IFERROR(E164/C164,0) -> 0.82142857 | G164: =IFERROR( SUMPRODUCT( (sheet2!$M$2:$M$538=A164) *(sheet2!$S$2:$S$538=1) *(sheet2!$R$2:$R$538<>"Not tested yet") *(sheet2!$O$2:$O$538-sheet2!$N$2:$N$538) ) / SUMPRODUCT( (sheet2!$M$2:$M$538=A164) *(sheet2!$S$2:$S$538=1) *(sheet2!$R$2:$R$538<>"Not tested yet") ) ,0) -> 2.4910714 | H164: =COUNTIFS(sheet2!$M:$M,A164,sheet2!$S:$S,1,sheet2!$R:$R,"No Progress") +COUNTIFS(sheet2!$M:$M,A164,sheet2!$S:$S,1,sheet2!$R:$R,"Regressed") -> 6
A165: ONC | B165: =COUNTIFS(sheet2!$M:$M,A165,sheet2!$S:$S,1) -> 55 | C165: =B165-D165 -> 30 | D165: =COUNTIFS(sheet2!$M:$M,A165,sheet2!$S:$S,1,sheet2!$R:$R,"Not tested yet") -> 25 | E165: =COUNTIFS(sheet2!$M:$M,A165,sheet2!$S:$S,1,sheet2!$R:$R,"Lv1 → Lv2") +COUNTIFS(sheet2!$M:$M,A165,sheet2!$S:$S,1,sheet2!$R:$R,"Lv2 → Lv3") +COUNTIFS(sheet2!$M:$M,A165,sheet2!$S:$S,1,sheet2!$R:$R,"Lv3 → Lv4") +COUNTIFS(sheet2!$M:$M,A165,sheet2!$S:$S,1,sheet2!$R:$R,"Lv1 → Lv3 (multi)") -> 19 | F165: =IFERROR(E165/C165,0) -> 0.63333333 | G165: =IFERROR( SUMPRODUCT( (sheet2!$M$2:$M$538=A165) *(sheet2!$S$2:$S$538=1) *(sheet2!$R$2:$R$538<>"Not tested yet") *(sheet2!$O$2:$O$538-sheet2!$N$2:$N$538) ) / SUMPRODUCT( (sheet2!$M$2:$M$538=A165) *(sheet2!$S$2:$S$538=1) *(sheet2!$R$2:$R$538<>"Not tested yet") ) ,0) -> 1.5 | H165: =COUNTIFS(sheet2!$M:$M,A165,sheet2!$S:$S,1,sheet2!$R:$R,"No Progress") +COUNTIFS(sheet2!$M:$M,A165,sheet2!$S:$S,1,sheet2!$R:$R,"Regressed") -> 6
A166: POC | B166: =COUNTIFS(sheet2!$M:$M,A166,sheet2!$S:$S,1) -> 26 | C166: =B166-D166 -> 21 | D166: =COUNTIFS(sheet2!$M:$M,A166,sheet2!$S:$S,1,sheet2!$R:$R,"Not tested yet") -> 5 | E166: =COUNTIFS(sheet2!$M:$M,A166,sheet2!$S:$S,1,sheet2!$R:$R,"Lv1 → Lv2") +COUNTIFS(sheet2!$M:$M,A166,sheet2!$S:$S,1,sheet2!$R:$R,"Lv2 → Lv3") +COUNTIFS(sheet2!$M:$M,A166,sheet2!$S:$S,1,sheet2!$R:$R,"Lv3 → Lv4") +COUNTIFS(sheet2!$M:$M,A166,sheet2!$S:$S,1,sheet2!$R:$R,"Lv1 → Lv3 (multi)") -> 12 | F166: =IFERROR(E166/C166,0) -> 0.57142857 | G166: =IFERROR( SUMPRODUCT( (sheet2!$M$2:$M$538=A166) *(sheet2!$S$2:$S$538=1) *(sheet2!$R$2:$R$538<>"Not tested yet") *(sheet2!$O$2:$O$538-sheet2!$N$2:$N$538) ) / SUMPRODUCT( (sheet2!$M$2:$M$538=A166) *(sheet2!$S$2:$S$538=1) *(sheet2!$R$2:$R$538<>"Not tested yet") ) ,0) -> 1.6666667 | H166: =COUNTIFS(sheet2!$M:$M,A166,sheet2!$S:$S,1,sheet2!$R:$R,"No Progress") +COUNTIFS(sheet2!$M:$M,A166,sheet2!$S:$S,1,sheet2!$R:$R,"Regressed") -> 5
A167: TBU | B167: =COUNTIFS(sheet2!$M:$M,A167,sheet2!$S:$S,1) -> 33 | C167: =B167-D167 -> 22 | D167: =COUNTIFS(sheet2!$M:$M,A167,sheet2!$S:$S,1,sheet2!$R:$R,"Not tested yet") -> 11 | E167: =COUNTIFS(sheet2!$M:$M,A167,sheet2!$S:$S,1,sheet2!$R:$R,"Lv1 → Lv2") +COUNTIFS(sheet2!$M:$M,A167,sheet2!$S:$S,1,sheet2!$R:$R,"Lv2 → Lv3") +COUNTIFS(sheet2!$M:$M,A167,sheet2!$S:$S,1,sheet2!$R:$R,"Lv3 → Lv4") +COUNTIFS(sheet2!$M:$M,A167,sheet2!$S:$S,1,sheet2!$R:$R,"Lv1 → Lv3 (multi)") -> 12 | F167: =IFERROR(E167/C167,0) -> 0.54545455 | G167: =IFERROR( SUMPRODUCT( (sheet2!$M$2:$M$538=A167) *(sheet2!$S$2:$S$538=1) *(sheet2!$R$2:$R$538<>"Not tested yet") *(sheet2!$O$2:$O$538-sheet2!$N$2:$N$538) ) / SUMPRODUCT( (sheet2!$M$2:$M$538=A167) *(sheet2!$S$2:$S$538=1) *(sheet2!$R$2:$R$538<>"Not tested yet") ) ,0) -> 1.7045455 | H167: =COUNTIFS(sheet2!$M:$M,A167,sheet2!$S:$S,1,sheet2!$R:$R,"No Progress") +COUNTIFS(sheet2!$M:$M,A167,sheet2!$S:$S,1,sheet2!$R:$R,"Regressed") -> 6
A168: Total | B168: =SUM(B161:B167) -> 301 | C168: =SUM(C161:C167) -> 219 | D168: =SUM(D161:D167) -> 82 | E168: =SUM(E161:E167) -> 145 | F168: =IFERROR(E168/C168,0) -> 0.66210046 | G168: =IFERROR(SUMPRODUCT((sheet2!$S$2:$S$538=1)*(sheet2!$R$2:$R$538<>"Not tested yet")*(sheet2!$O$2:$O$538-sheet2!$N$2:$N$538))/SUMPRODUCT((sheet2!$S$2:$S$538=1)*(sheet2!$R$2:$R$538<>"Not tested yet")),0) -> 1.7762557 | H168: =SUM(H161:H167) -> 42

Sheet DATE_ANOMALIES
A1: Loại | B1: Cell | C1: Class/Course | D1: Chi tiết
A2: B - Typo năm | B2: H189 | C2: EL020/Communication 1 | D2: Ghi 12/30/2024 (năm 2024) — đa số bạn cùng buổi ghi năm 2025
A3: B - Typo năm | B3: H192 | C3: EL020/Communication 1 | D3: Ghi 12/30/2024 (năm 2024) — đa số bạn cùng buổi ghi năm 2025
A4: B - Typo năm | B4: H195 | C4: EL020/Communication 1 | D4: Ghi 12/30/2024 (năm 2024) — đa số bạn cùng buổi ghi năm 2025

Sheet STUDENTS
A1: Emp Code | B1: Full Name | C1: BU | D1: ROLE | E1: Status | F1: PIC | G1: Current Course | H1: Entrance Level | I1: Current Level | J1: Last Active Date | K1: Days Since Active | L1: Drop Flag (<30 days is safe) | M1: Define of drop (not inc. resign) | N1: Drop reason | O1: Remark | Q1: Latest Class Code | R1: Latest Course Name | S1: Entrance Numeric | T1: Current Numeric | U1: Entrance Group (1/2/3/4) | V1: Current Group (1/2/3/4) | W1: Progress Category
A2: 193445 | B2: HUỲNH THỊ BẢO YẾN | C2: =IFERROR(__xludf.DUMMYFUNCTION("arrayformula(VLOOKUP(to_Text(A2),to_Text(sheet2!$A$1:M1005),13,0))"),"MOC") -> MOC | D2: =IFERROR(__xludf.DUMMYFUNCTION("arrayformula(VLOOKUP(to_Text(A2),to_Text(sheet2!$A$1:M1005),12,0))"),"QC") -> QC | E2: =IF(OR(L2="✅ Completed",L2="❌ Dropped"),"Inactive",IF(M2="Waiting for class","Waiting for class","Active")) -> Inactive | F2: {=IFERROR( INDEX(ATTENDANCE_INPUT!D:D, MATCH(1, (ATTENDANCE_INPUT!A:A=A2) * (ATTENDANCE_INPUT!W:W=MAXIFS(ATTENDANCE_INPUT!W:W, ATTENDANCE_INPUT!A:A, A2)), 0)), "")} -> Anh Ha | G2: {=IFERROR( INDEX(ATTENDANCE_INPUT!E:E, MATCH(1, (ATTENDANCE_INPUT!A:A=A2) * (ATTENDANCE_INPUT!W:W=MAXIFS(ATTENDANCE_INPUT!W:W, ATTENDANCE_INPUT!A:A, A2)), 0)), "")} -> Communication 2 | H2: {=IF(ISNA(MATCH(A2,sheet2!A:A,0)),"⏳ Chưa test",IFERROR(INDEX(LEVEL_HELPER!A:A,MATCH(INDEX(sheet2!N:N,MATCH(A2,sheet2!A:A,0)),LEVEL_HELPER!B:B,0)),"⏳ Chưa test"))} -> Beginner | I2: {=IF(ISNA(MATCH(A2,sheet2!A:A,0)),H2,IF(INDEX(sheet2!O:O,MATCH(A2,sheet2!A:A,0))>0,IFERROR(INDEX(LEVEL_HELPER!A:A,MATCH(INDEX(sheet2!O:O,MATCH(A2,sheet2!A:A,0)),LEVEL_HELPER!B:B,0)),H2),H2))} -> Pre-Intermediate 1 | J2: =IFERROR(MAXIFS(ATTENDANCE_LOG!F:F, ATTENDANCE_LOG!C:C, A2&"", ATTENDANCE_LOG!G:G, "Present"), "") -> 46106.542 | K2: =IF(J2="", "", TODAY() - J2) -> 106.45833 | L2: =IF(M2="Completed (no continuation)","✅ Completed",IF(M2="Discontinued mid-course","❌ Dropped",IF(AND(ISNUMBER(K2),K2>=30),"⚠ Check",""))) -> ✅ Completed | M2: Completed (no continuation) | N2: Learning goal achieved | P2: =IFERROR(__xludf.DUMMYFUNCTION("IFERROR(COUNTUNIQUEIFS(ATTENDANCE_LOG!B:B,ATTENDANCE_LOG!C:C,A2),0)"),2.0) -> 2 | Q2: {=IFERROR(INDEX(ATTENDANCE_LOG!A:A,MATCH(1,(ATTENDANCE_LOG!C:C=A2)*(ATTENDANCE_LOG!F:F=MAXIFS(ATTENDANCE_LOG!F:F,ATTENDANCE_LOG!C:C,A2)),0)),"")} -> EL033 | R2: {=IFERROR(INDEX(ATTENDANCE_LOG!B:B,MATCH(1,(ATTENDANCE_LOG!C:C=A2)*(ATTENDANCE_LOG!F:F=MAXIFS(ATTENDANCE_LOG!F:F,ATTENDANCE_LOG!C:C,A2)),0)),"")} -> Communication 2 | S2: =IFERROR(VLOOKUP(H2, LEVEL_HELPER!A:B, 2, 0), 0) -> 1 | T2: =IFERROR(VLOOKUP(I2, LEVEL_HELPER!A:B, 2, 0), 0) -> 3 | U2: =IF(S2="",0,IF(S2<=2,1,IF(S2<=4,2,IF(S2<=5.5,3,4)))) -> 1 | V2: =IF(T2="",0,IF(T2<=2,1,IF(T2<=4,2,IF(T2<=5.5,3,4)))) -> 2 | W2: =IF(OR(H2="", H2="Not Placement"), "Not tested yet", IF(V2<U2, "Regressed", IF(V2=U2, IF(T2>S2, "Minor Improvement", "No Progress"), IF(V2-U2=1, "Lv"&U2&"→Lv"&V2, "Lv"&U2&"→Lv"&V2&" (multi)")))) -> Lv1→Lv2
A3: 213815 | B3: HUỲNH TRẦN HẢI LONG | C3: =IFERROR(__xludf.DUMMYFUNCTION("arrayformula(VLOOKUP(to_Text(A3),to_Text(sheet2!$A$1:M1005),13,0))"),"MOC") -> MOC | D3: =IFERROR(__xludf.DUMMYFUNCTION("arrayformula(VLOOKUP(to_Text(A3),to_Text(sheet2!$A$1:M1005),12,0))"),"DEV") -> DEV | E3: =IF(OR(L3="✅ Completed",L3="❌ Dropped"),"Inactive",IF(M3="Waiting for class","Waiting for class","Active")) -> Inactive | F3: {=IFERROR( INDEX(ATTENDANCE_INPUT!D:D, MATCH(1, (ATTENDANCE_INPUT!A:A=A3) * (ATTENDANCE_INPUT!W:W=MAXIFS(ATTENDANCE_INPUT!W:W, ATTENDANCE_INPUT!A:A, A3)), 0)), "")} -> Anh Ha | G3: {=IFERROR( INDEX(ATTENDANCE_INPUT!E:E, MATCH(1, (ATTENDANCE_INPUT!A:A=A3) * (ATTENDANCE_INPUT!W:W=MAXIFS(ATTENDANCE_INPUT!W:W, ATTENDANCE_INPUT!A:A, A3)), 0)), "")} -> Communication 2 | H3: {=IF(ISNA(MATCH(A3,sheet2!A:A,0)),"⏳ Chưa test",IFERROR(INDEX(LEVEL_HELPER!A:A,MATCH(INDEX(sheet2!N:N,MATCH(A3,sheet2!A:A,0)),LEVEL_HELPER!B:B,0)),"⏳ Chưa test"))} -> Beginner | I3: {=IF(ISNA(MATCH(A3,sheet2!A:A,0)),H3,IF(INDEX(sheet2!O:O,MATCH(A3,sheet2!A:A,0))>0,IFERROR(INDEX(LEVEL_HELPER!A:A,MATCH(INDEX(sheet2!O:O,MATCH(A3,sheet2!A:A,0)),LEVEL_HELPER!B:B,0)),H3),H3))} -> Pre-Intermediate 1 | J3: =IFERROR(MAXIFS(ATTENDANCE_LOG!F:F, ATTENDANCE_LOG!C:C, A3&"", ATTENDANCE_LOG!G:G, "Present"), "") -> 46106.542 | K3: =IF(J3="", "", TODAY() - J3) -> 106.45833 | L3: =IF(M3="Completed (no continuation)","✅ Completed",IF(M3="Discontinued mid-course","❌ Dropped",IF(AND(ISNUMBER(K3),K3>=30),"⚠ Check",""))) -> ✅ Completed | M3: Completed (no continuation) | N3: Learning goal achieved | P3: =IFERROR(__xludf.DUMMYFUNCTION("IFERROR(COUNTUNIQUEIFS(ATTENDANCE_LOG!B:B,ATTENDANCE_LOG!C:C,A3),0)"),2.0) -> 2 | Q3: {=IFERROR(INDEX(ATTENDANCE_LOG!A:A,MATCH(1,(ATTENDANCE_LOG!C:C=A3)*(ATTENDANCE_LOG!F:F=MAXIFS(ATTENDANCE_LOG!F:F,ATTENDANCE_LOG!C:C,A3)),0)),"")} -> EL033 | R3: {=IFERROR(INDEX(ATTENDANCE_LOG!B:B,MATCH(1,(ATTENDANCE_LOG!C:C=A3)*(ATTENDANCE_LOG!F:F=MAXIFS(ATTENDANCE_LOG!F:F,ATTENDANCE_LOG!C:C,A3)),0)),"")} -> Communication 2 | S3: =IFERROR(VLOOKUP(H3, LEVEL_HELPER!A:B, 2, 0), 0) -> 1 | T3: =IFERROR(VLOOKUP(I3, LEVEL_HELPER!A:B, 2, 0), 0) -> 3 | U3: =IF(S3="",0,IF(S3<=2,1,IF(S3<=4,2,IF(S3<=5.5,3,4)))) -> 1 | V3: =IF(T3="",0,IF(T3<=2,1,IF(T3<=4,2,IF(T3<=5.5,3,4)))) -> 2 | W3: =IF(OR(H3="", H3="Not Placement"), "Not tested yet", IF(V3<U3, "Regressed", IF(V3=U3, IF(T3>S3, "Minor Improvement", "No Progress"), IF(V3-U3=1, "Lv"&U3&"→Lv"&V3, "Lv"&U3&"→Lv"&V3&" (multi)")))) -> Lv1→Lv2
A4: 213914 | B4: NGUYỄN TẤN PHÁT | C4: =IFERROR(__xludf.DUMMYFUNCTION("arrayformula(VLOOKUP(to_Text(A4),to_Text(sheet2!$A$1:M1005),13,0))"),"MOC") -> MOC | D4: =IFERROR(__xludf.DUMMYFUNCTION("arrayformula(VLOOKUP(to_Text(A4),to_Text(sheet2!$A$1:M1005),12,0))"),"DEV") -> DEV | E4: =IF(OR(L4="✅ Completed",L4="❌ Dropped"),"Inactive",IF(M4="Waiting for class","Waiting for class","Active")) -> Inactive | F4: {=IFERROR( INDEX(ATTENDANCE_INPUT!D:D, MATCH(1, (ATTENDANCE_INPUT!A:A=A4) * (ATTENDANCE_INPUT!W:W=MAXIFS(ATTENDANCE_INPUT!W:W, ATTENDANCE_INPUT!A:A, A4)), 0)), "")} -> Anh Ha | G4: {=IFERROR( INDEX(ATTENDANCE_INPUT!E:E, MATCH(1, (ATTENDANCE_INPUT!A:A=A4) * (ATTENDANCE_INPUT!W:W=MAXIFS(ATTENDANCE_INPUT!W:W, ATTENDANCE_INPUT!A:A, A4)), 0)), "")} -> Communication 2 | H4: {=IF(ISNA(MATCH(A4,sheet2!A:A,0)),"⏳ Chưa test",IFERROR(INDEX(LEVEL_HELPER!A:A,MATCH(INDEX(sheet2!N:N,MATCH(A4,sheet2!A:A,0)),LEVEL_HELPER!B:B,0)),"⏳ Chưa test"))} -> Beginner | I4: {=IF(ISNA(MATCH(A4,sheet2!A:A,0)),H4,IF(INDEX(sheet2!O:O,MATCH(A4,sheet2!A:A,0))>0,IFERROR(INDEX(LEVEL_HELPER!A:A,MATCH(INDEX(sheet2!O:O,MATCH(A4,sheet2!A:A,0)),LEVEL_HELPER!B:B,0)),H4),H4))} -> Pre-Intermediate 2 | J4: =IFERROR(MAXIFS(ATTENDANCE_LOG!F:F, ATTENDANCE_LOG!C:C, A4&"", ATTENDANCE_LOG!G:G, "Present"), "") -> 46106.542 | K4: =IF(J4="", "", TODAY() - J4) -> 106.45833 | L4: =IF(M4="Completed (no continuation)","✅ Completed",IF(M4="Discontinued mid-course","❌ Dropped",IF(AND(ISNUMBER(K4),K4>=30),"⚠ Check",""))) -> ✅ Completed | M4: Completed (no continuation) | N4: Learning goal achieved | O4: Đã complete Com1, stop 5/2025 và giờ quay lại học | P4: =IFERROR(__xludf.DUMMYFUNCTION("IFERROR(COUNTUNIQUEIFS(ATTENDANCE_LOG!B:B,ATTENDANCE_LOG!C:C,A4),0)"),2.0) -> 2 | Q4: {=IFERROR(INDEX(ATTENDANCE_LOG!A:A,MATCH(1,(ATTENDANCE_LOG!C:C=A4)*(ATTENDANCE_LOG!F:F=MAXIFS(ATTENDANCE_LOG!F:F,ATTENDANCE_LOG!C:C,A4)),0)),"")} -> EL033 | R4: {=IFERROR(INDEX(ATTENDANCE_LOG!B:B,MATCH(1,(ATTENDANCE_LOG!C:C=A4)*(ATTENDANCE_LOG!F:F=MAXIFS(ATTENDANCE_LOG!F:F,ATTENDANCE_LOG!C:C,A4)),0)),"")} -> Communication 2 | S4: =IFERROR(VLOOKUP(H4, LEVEL_HELPER!A:B, 2, 0), 0) -> 1 | T4: =IFERROR(VLOOKUP(I4, LEVEL_HELPER!A:B, 2, 0), 0) -> 3.5 | U4: =IF(S4="",0,IF(S4<=2,1,IF(S4<=4,2,IF(S4<=5.5,3,4)))) -> 1 | V4: =IF(T4="",0,IF(T4<=2,1,IF(T4<=4,2,IF(T4<=5.5,3,4)))) -> 2 | W4: =IF(OR(H4="", H4="Not Placement"), "Not tested yet", IF(V4<U4, "Regressed", IF(V4=U4, IF(T4>S4, "Minor Improvement", "No Progress"), IF(V4-U4=1, "Lv"&U4&"→Lv"&V4, "Lv"&U4&"→Lv"&V4&" (multi)")))) -> Lv1→Lv2 | Y4: 247311 | Z4: High workload / Can't arrange time | AA4: High workload | AC4: 267126 | AD4: =countif($A$2:$A1005,AC4) -> 0
A5: 213968 | B5: NGUYỄN THỊ HOÀNG OANH | C5: =IFERROR(__xludf.DUMMYFUNCTION("arrayformula(VLOOKUP(to_Text(A5),to_Text(sheet2!$A$1:M1005),13,0))"),"MOC") -> MOC | D5: =IFERROR(__xludf.DUMMYFUNCTION("arrayformula(VLOOKUP(to_Text(A5),to_Text(sheet2!$A$1:M1005),12,0))"),"QC") -> QC | E5: =IF(OR(L5="✅ Completed",L5="❌ Dropped"),"Inactive",IF(M5="Waiting for class","Waiting for class","Active")) -> Inactive | F5: {=IFERROR( INDEX(ATTENDANCE_INPUT!D:D, MATCH(1, (ATTENDANCE_INPUT!A:A=A5) * (ATTENDANCE_INPUT!W:W=MAXIFS(ATTENDANCE_INPUT!W:W, ATTENDANCE_INPUT!A:A, A5)), 0)), "")} -> Anh Ha | G5: {=IFERROR( INDEX(ATTENDANCE_INPUT!E:E, MATCH(1, (ATTENDANCE_INPUT!A:A=A5) * (ATTENDANCE_INPUT!W:W=MAXIFS(ATTENDANCE_INPUT!W:W, ATTENDANCE_INPUT!A:A, A5)), 0)), "")} -> Communication 2 | H5: {=IF(ISNA(MATCH(A5,sheet2!A:A,0)),"⏳ Chưa test",IFERROR(INDEX(LEVEL_HELPER!A:A,MATCH(INDEX(sheet2!N:N,MATCH(A5,sheet2!A:A,0)),LEVEL_HELPER!B:B,0)),"⏳ Chưa test"))} -> Beginner | I5: {=IF(ISNA(MATCH(A5,sheet2!A:A,0)),H5,IF(INDEX(sheet2!O:O,MATCH(A5,sheet2!A:A,0))>0,IFERROR(INDEX(LEVEL_HELPER!A:A,MATCH(INDEX(sheet2!O:O,MATCH(A5,sheet2!A:A,0)),LEVEL_HELPER!B:B,0)),H5),H5))} -> Beginner 2 | J5: =IFERROR(MAXIFS(ATTENDANCE_LOG!F:F, ATTENDANCE_LOG!C:C, A5&"", ATTENDANCE_LOG!G:G, "Present"), "") -> 46050.417 | K5: =IF(J5="", "", TODAY() - J5) -> 162.58333 | L5: =IF(M5="Completed (no continuation)","✅ Completed",IF(M5="Discontinued mid-course","❌ Dropped",IF(AND(ISNUMBER(K5),K5>=30),"⚠ Check",""))) -> ✅ Completed | M5: Completed (no continuation) | N5: Learning goal achieved | P5: =IFERROR(__xludf.DUMMYFUNCTION("IFERROR(COUNTUNIQUEIFS(ATTENDANCE_LOG!B:B,ATTENDANCE_LOG!C:C,A5),0)"),2.0) -> 2 | Q5: {=IFERROR(INDEX(ATTENDANCE_LOG!A:A,MATCH(1,(ATTENDANCE_LOG!C:C=A5)*(ATTENDANCE_LOG!F:F=MAXIFS(ATTENDANCE_LOG!F:F,ATTENDANCE_LOG!C:C,A5)),0)),"")} -> EL033 | R5: {=IFERROR(INDEX(ATTENDANCE_LOG!B:B,MATCH(1,(ATTENDANCE_LOG!C:C=A5)*(ATTENDANCE_LOG!F:F=MAXIFS(ATTENDANCE_LOG!F:F,ATTENDANCE_LOG!C:C,A5)),0)),"")} -> Communication 2 | S5: =IFERROR(VLOOKUP(H5, LEVEL_HELPER!A:B, 2, 0), 0) -> 1 | T5: =IFERROR(VLOOKUP(I5, LEVEL_HELPER!A:B, 2, 0), 0) -> 1.5 | U5: =IF(S5="",0,IF(S5<=2,1,IF(S5<=4,2,IF(S5<=5.5,3,4)))) -> 1 | V5: =IF(T5="",0,IF(T5<=2,1,IF(T5<=4,2,IF(T5<=5.5,3,4)))) -> 1 | W5: =IF(OR(H5="", H5="Not Placement"), "Not tested yet", IF(V5<U5, "Regressed", IF(V5=U5, IF(T5>S5, "Minor Improvement", "No Progress"), IF(V5-U5=1, "Lv"&U5&"→Lv"&V5, "Lv"&U5&"→Lv"&V5&" (multi)")))) -> Minor Improvement | Y5: 247324 | Z5: Above the team's level | AA5: Above the team's level | AC5: 247045 | AD5: =countif($A$2:$A1006,AC5) -> 0
A6: 213861 | B6: TRẦN QUANG ĐẠO | C6: =IFERROR(__xludf.DUMMYFUNCTION("arrayformula(VLOOKUP(to_Text(A6),to_Text(sheet2!$A$1:M1005),13,0))"),"MOC") -> MOC | D6: =IFERROR(__xludf.DUMMYFUNCTION("arrayformula(VLOOKUP(to_Text(A6),to_Text(sheet2!$A$1:M1005),12,0))"),"DEV") -> DEV | E6: =IF(OR(L6="✅ Completed",L6="❌ Dropped"),"Inactive",IF(M6="Waiting for class","Waiting for class","Active")) -> Inactive | F6: {=IFERROR( INDEX(ATTENDANCE_INPUT!D:D, MATCH(1, (ATTENDANCE_INPUT!A:A=A6) * (ATTENDANCE_INPUT!W:W=MAXIFS(ATTENDANCE_INPUT!W:W, ATTENDANCE_INPUT!A:A, A6)), 0)), "")} -> Anh Ha | G6: {=IFERROR( INDEX(ATTENDANCE_INPUT!E:E, MATCH(1, (ATTENDANCE_INPUT!A:A=A6) * (ATTENDANCE_INPUT!W:W=MAXIFS(ATTENDANCE_INPUT!W:W, ATTENDANCE_INPUT!A:A, A6)), 0)), "")} -> Communication 2 | H6: {=IF(ISNA(MATCH(A6,sheet2!A:A,0)),"⏳ Chưa test",IFERROR(INDEX(LEVEL_HELPER!A:A,MATCH(INDEX(sheet2!N:N,MATCH(A6,sheet2!A:A,0)),LEVEL_HELPER!B:B,0)),"⏳ Chưa test"))} -> Beginner | I6: {=IF(ISNA(MATCH(A6,sheet2!A:A,0)),H6,IF(INDEX(sheet2!O:O,MATCH(A6,sheet2!A:A,0))>0,IFERROR(INDEX(LEVEL_HELPER!A:A,MATCH(INDEX(sheet2!O:O,MATCH(A6,sheet2!A:A,0)),LEVEL_HELPER!B:B,0)),H6),H6))} -> Pre-Intermediate 1 | J6: =IFERROR(MAXIFS(ATTENDANCE_LOG!F:F, ATTENDANCE_LOG!C:C, A6&"", ATTENDANCE_LOG!G:G, "Present"), "") -> 46106.542 | K6: =IF(J6="", "", TODAY() - J6) -> 106.45833 | L6: =IF(M6="Completed (no continuation)","✅ Completed",IF(M6="Discontinued mid-course","❌ Dropped",IF(AND(ISNUMBER(K6),K6>=30),"⚠ Check",""))) -> ✅ Completed | M6: Completed (no continuation) | N6: Learning goal achieved | P6: =IFERROR(__xludf.DUMMYFUNCTION("IFERROR(COUNTUNIQUEIFS(ATTENDANCE_LOG!B:B,ATTENDANCE_LOG!C:C,A6),0)"),2.0) -> 2 | Q6: {=IFERROR(INDEX(ATTENDANCE_LOG!A:A,MATCH(1,(ATTENDANCE_LOG!C:C=A6)*(ATTENDANCE_LOG!F:F=MAXIFS(ATTENDANCE_LOG!F:F,ATTENDANCE_LOG!C:C,A6)),0)),"")} -> EL033 | R6: {=IFERROR(INDEX(ATTENDANCE_LOG!B:B,MATCH(1,(ATTENDANCE_LOG!C:C=A6)*(ATTENDANCE_LOG!F:F=MAXIFS(ATTENDANCE_LOG!F:F,ATTENDANCE_LOG!C:C,A6)),0)),"")} -> Communication 2 | S6: =IFERROR(VLOOKUP(H6, LEVEL_HELPER!A:B, 2, 0), 0) -> 1 | T6: =IFERROR(VLOOKUP(I6, LEVEL_HELPER!A:B, 2, 0), 0) -> 3 | U6: =IF(S6="",0,IF(S6<=2,1,IF(S6<=4,2,IF(S6<=5.5,3,4)))) -> 1 | V6: =IF(T6="",0,IF(T6<=2,1,IF(T6<=4,2,IF(T6<=5.5,3,4)))) -> 2 | W6: =IF(OR(H6="", H6="Not Placement"), "Not tested yet", IF(V6<U6, "Regressed", IF(V6=U6, IF(T6>S6, "Minor Improvement", "No Progress"), IF(V6-U6=1, "Lv"&U6&"→Lv"&V6, "Lv"&U6&"→Lv"&V6&" (multi)")))) -> Lv1→Lv2 | Y6: 247323 | Z6: High workload / Can't arrange time | AA6: High workload | AC6: 247046 | AD6: =countif($A$2:$A1007,AC6) -> 0
A7: 213851 | B7: TRẦN THANH ĐIỀN | C7: =IFERROR(__xludf.DUMMYFUNCTION("arrayformula(VLOOKUP(to_Text(A7),to_Text(sheet2!$A$1:M1005),13,0))"),"MOC") -> MOC | D7: =IFERROR(__xludf.DUMMYFUNCTION("arrayformula(VLOOKUP(to_Text(A7),to_Text(sheet2!$A$1:M1005),12,0))"),"DEV") -> DEV | E7: =IF(OR(L7="✅ Completed",L7="❌ Dropped"),"Inactive",IF(M7="Waiting for class","Waiting for class","Active")) -> Inactive | F7: {=IFERROR( INDEX(ATTENDANCE_INPUT!D:D, MATCH(1, (ATTENDANCE_INPUT!A:A=A7) * (ATTENDANCE_INPUT!W:W=MAXIFS(ATTENDANCE_INPUT!W:W, ATTENDANCE_INPUT!A:A, A7)), 0)), "")} -> Anh Ha | G7: {=IFERROR( INDEX(ATTENDANCE_INPUT!E:E, MATCH(1, (ATTENDANCE_INPUT!A:A=A7) * (ATTENDANCE_INPUT!W:W=MAXIFS(ATTENDANCE_INPUT!W:W, ATTENDANCE_INPUT!A:A, A7)), 0)), "")} -> Communication 2 | H7: {=IF(ISNA(MATCH(A7,sheet2!A:A,0)),"⏳ Chưa test",IFERROR(INDEX(LEVEL_HELPER!A:A,MATCH(INDEX(sheet2!N:N,MATCH(A7,sheet2!A:A,0)),LEVEL_HELPER!B:B,0)),"⏳ Chưa test"))} -> Beginner | I7: {=IF(ISNA(MATCH(A7,sheet2!A:A,0)),H7,IF(INDEX(sheet2!O:O,MATCH(A7,sheet2!A:A,0))>0,IFERROR(INDEX(LEVEL_HELPER!A:A,MATCH(INDEX(sheet2!O:O,MATCH(A7,sheet2!A:A,0)),LEVEL_HELPER!B:B,0)),H7),H7))} -> Intermediate 1 | J7: =IFERROR(MAXIFS(ATTENDANCE_LOG!F:F, ATTENDANCE_LOG!C:C, A7&"", ATTENDANCE_LOG!G:G, "Present"), "") -> 46106.542 | K7: =IF(J7="", "", TODAY() - J7) -> 106.45833 | L7: =IF(M7="Completed (no continuation)","✅ Completed",IF(M7="Discontinued mid-course","❌ Dropped",IF(AND(ISNUMBER(K7),K7>=30),"⚠ Check",""))) -> ✅ Completed | M7: Completed (no continuation) | N7: Learning goal achieved | P7: =IFERROR(__xludf.DUMMYFUNCTION("IFERROR(COUNTUNIQUEIFS(ATTENDANCE_LOG!B:B,ATTENDANCE_LOG!C:C,A7),0)"),2.0) -> 2 | Q7: {=IFERROR(INDEX(ATTENDANCE_LOG!A:A,MATCH(1,(ATTENDANCE_LOG!C:C=A7)*(ATTENDANCE_LOG!F:F=MAXIFS(ATTENDANCE_LOG!F:F,ATTENDANCE_LOG!C:C,A7)),0)),"")} -> EL033 | R7: {=IFERROR(INDEX(ATTENDANCE_LOG!B:B,MATCH(1,(ATTENDANCE_LOG!C:C=A7)*(ATTENDANCE_LOG!F:F=MAXIFS(ATTENDANCE_LOG!F:F,ATTENDANCE_LOG!C:C,A7)),0)),"")} -> Communication 2 | S7: =IFERROR(VLOOKUP(H7, LEVEL_HELPER!A:B, 2, 0), 0) -> 1 | T7: =IFERROR(VLOOKUP(I7, LEVEL_HELPER!A:B, 2, 0), 0) -> 5 | U7: =IF(S7="",0,IF(S7<=2,1,IF(S7<=4,2,IF(S7<=5.5,3,4)))) -> 1 | V7: =IF(T7="",0,IF(T7<=2,1,IF(T7<=4,2,IF(T7<=5.5,3,4)))) -> 3 | W7: =IF(OR(H7="", H7="Not Placement"), "Not tested yet", IF(V7<U7, "Regressed", IF(V7=U7, IF(T7>S7, "Minor Improvement", "No Progress"), IF(V7-U7=1, "Lv"&U7&"→Lv"&V7, "Lv"&U7&"→Lv"&V7&" (multi)")))) -> Lv1→Lv3 (multi) | Y7: 237172 | Z7: High workload / Can't arrange time | AA7: High workload | AC7: 247047 | AD7: =countif($A$2:$A1008,AC7) -> 0
A8: 247223 | B8: TRẦN XUÂN KHOA | C8: =IFERROR(__xludf.DUMMYFUNCTION("arrayformula(VLOOKUP(to_Text(A8),to_Text(sheet2!$A$1:M1005),13,0))"),"MOC") -> MOC | D8: =IFERROR(__xludf.DUMMYFUNCTION("arrayformula(VLOOKUP(to_Text(A8),to_Text(sheet2!$A$1:M1005),12,0))"),"DEV") -> DEV | E8: =IF(OR(L8="✅ Completed",L8="❌ Dropped"),"Inactive",IF(M8="Waiting for class","Waiting for class","Active")) -> Inactive | F8: {=IFERROR( INDEX(ATTENDANCE_INPUT!D:D, MATCH(1, (ATTENDANCE_INPUT!A:A=A8) * (ATTENDANCE_INPUT!W:W=MAXIFS(ATTENDANCE_INPUT!W:W, ATTENDANCE_INPUT!A:A, A8)), 0)), "")} -> Anh Ha | G8: {=IFERROR( INDEX(ATTENDANCE_INPUT!E:E, MATCH(1, (ATTENDANCE_INPUT!A:A=A8) * (ATTENDANCE_INPUT!W:W=MAXIFS(ATTENDANCE_INPUT!W:W, ATTENDANCE_INPUT!A:A, A8)), 0)), "")} -> Communication 2 | H8: {=IF(ISNA(MATCH(A8,sheet2!A:A,0)),"⏳ Chưa test",IFERROR(INDEX(LEVEL_HELPER!A:A,MATCH(INDEX(sheet2!N:N,MATCH(A8,sheet2!A:A,0)),LEVEL_HELPER!B:B,0)),"⏳ Chưa test"))} -> Beginner | I8: {=IF(ISNA(MATCH(A8,sheet2!A:A,0)),H8,IF(INDEX(sheet2!O:O,MATCH(A8,sheet2!A:A,0))>0,IFERROR(INDEX(LEVEL_HELPER!A:A,MATCH(INDEX(sheet2!O:O,MATCH(A8,sheet2!A:A,0)),LEVEL_HELPER!B:B,0)),H8),H8))} -> Pre-Intermediate 2 | J8: =IFERROR(MAXIFS(ATTENDANCE_LOG!F:F, ATTENDANCE_LOG!C:C, A8&"", ATTENDANCE_LOG!G:G, "Present"), "") -> 46106.542 | K8: =IF(J8="", "", TODAY() - J8) -> 106.45833 | L8: =IF(M8="Completed (no continuation)","✅ Completed",IF(M8="Discontinued mid-course","❌ Dropped",IF(AND(ISNUMBER(K8),K8>=30),"⚠ Check",""))) -> ✅ Completed | M8: Completed (no continuation) | N8: Learning goal achieved | P8: =IFERROR(__xludf.DUMMYFUNCTION("IFERROR(COUNTUNIQUEIFS(ATTENDANCE_LOG!B:B,ATTENDANCE_LOG!C:C,A8),0)"),2.0) -> 2 | Q8: {=IFERROR(INDEX(ATTENDANCE_LOG!A:A,MATCH(1,(ATTENDANCE_LOG!C:C=A8)*(ATTENDANCE_LOG!F:F=MAXIFS(ATTENDANCE_LOG!F:F,ATTENDANCE_LOG!C:C,A8)),0)),"")} -> EL033 | R8: {=IFERROR(INDEX(ATTENDANCE_LOG!B:B,MATCH(1,(ATTENDANCE_LOG!C:C=A8)*(ATTENDANCE_LOG!F:F=MAXIFS(ATTENDANCE_LOG!F:F,ATTENDANCE_LOG!C:C,A8)),0)),"")} -> Communication 2 | S8: =IFERROR(VLOOKUP(H8, LEVEL_HELPER!A:B, 2, 0), 0) -> 1 | T8: =IFERROR(VLOOKUP(I8, LEVEL_HELPER!A:B, 2, 0), 0) -> 3.5 | U8: =IF(S8="",0,IF(S8<=2,1,IF(S8<=4,2,IF(S8<=5.5,3,4)))) -> 1 | V8: =IF(T8="",0,IF(T8<=2,1,IF(T8<=4,2,IF(T8<=5.5,3,4)))) -> 2 | W8: =IF(OR(H8="", H8="Not Placement"), "Not tested yet", IF(V8<U8, "Regressed", IF(V8=U8, IF(T8>S8, "Minor Improvement", "No Progress"), IF(V8-U8=1, "Lv"&U8&"→Lv"&V8, "Lv"&U8&"→Lv"&V8&" (multi)")))) -> Lv1→Lv2 | Y8: 247040 | Z8: High workload / Can't arrange time | AA8: High workload | AC8: 227212 | AD8: =countif($A$2:$A1009,AC8) -> 0
A9: 113024 | B9: LÊ VĂN SƠN | C9: =IFERROR(__xludf.DUMMYFUNCTION("arrayformula(VLOOKUP(to_Text(A9),to_Text(sheet2!$A$1:M1005),13,0))"),"MOC") -> MOC | D9: =IFERROR(__xludf.DUMMYFUNCTION("arrayformula(VLOOKUP(to_Text(A9),to_Text(sheet2!$A$1:M1005),12,0))"),"DEV") -> DEV | E9: =IF(OR(L9="✅ Completed",L9="❌ Dropped"),"Inactive",IF(M9="Waiting for class","Waiting for class","Active")) -> Waiting for class | F9: {=IFERROR( INDEX(ATTENDANCE_INPUT!D:D, MATCH(1, (ATTENDANCE_INPUT!A:A=A9) * (ATTENDANCE_INPUT!W:W=MAXIFS(ATTENDANCE_INPUT!W:W, ATTENDANCE_INPUT!A:A, A9)), 0)), "")} -> Anh Ha | G9: {=IFERROR( INDEX(ATTENDANCE_INPUT!E:E, MATCH(1, (ATTENDANCE_INPUT!A:A=A9) * (ATTENDANCE_INPUT!W:W=MAXIFS(ATTENDANCE_INPUT!W:W, ATTENDANCE_INPUT!A:A, A9)), 0)), "")} -> Communication 2 | H9: {=IF(ISNA(MATCH(A9,sheet2!A:A,0)),"⏳ Chưa test",IFERROR(INDEX(LEVEL_HELPER!A:A,MATCH(INDEX(sheet2!N:N,MATCH(A9,sheet2!A:A,0)),LEVEL_HELPER!B:B,0)),"⏳ Chưa test"))} -> Beginner | I9: {=IF(ISNA(MATCH(A9,sheet2!A:A,0)),H9,IF(INDEX(sheet2!O:O,MATCH(A9,sheet2!A:A,0))>0,IFERROR(INDEX(LEVEL_HELPER!A:A,MATCH(INDEX(sheet2!O:O,MATCH(A9,sheet2!A:A,0)),LEVEL_HELPER!B:B,0)),H9),H9))} -> Pre-Intermediate 1 | J9: =IFERROR(MAXIFS(ATTENDANCE_LOG!F:F, ATTENDANCE_LOG!C:C, A9&"", ATTENDANCE_LOG!G:G, "Present"), "") -> 46106.542 | K9: =IF(J9="", "", TODAY() - J9) -> 106.45833 | L9: =IF(M9="Completed (no continuation)","✅ Completed",IF(M9="Discontinued mid-course","❌ Dropped",IF(AND(ISNUMBER(K9),K9>=30),"⚠ Check",""))) -> ⚠ Check | M9: Waiting for class | O9: Chờ ghép lớp com 3 | P9: =IFERROR(__xludf.DUMMYFUNCTION("IFERROR(COUNTUNIQUEIFS(ATTENDANCE_LOG!B:B,ATTENDANCE_LOG!C:C,A9),0)"),2.0) -> 2 | Q9: {=IFERROR(INDEX(ATTENDANCE_LOG!A:A,MATCH(1,(ATTENDANCE_LOG!C:C=A9)*(ATTENDANCE_LOG!F:F=MAXIFS(ATTENDANCE_LOG!F:F,ATTENDANCE_LOG!C:C,A9)),0)),"")} -> EL033 | R9: {=IFERROR(INDEX(ATTENDANCE_LOG!B:B,MATCH(1,(ATTENDANCE_LOG!C:C=A9)*(ATTENDANCE_LOG!F:F=MAXIFS(ATTENDANCE_LOG!F:F,ATTENDANCE_LOG!C:C,A9)),0)),"")} -> Communication 2 | S9: =IFERROR(VLOOKUP(H9, LEVEL_HELPER!A:B, 2, 0), 0) -> 1 | T9: =IFERROR(VLOOKUP(I9, LEVEL_HELPER!A:B, 2, 0), 0) -> 3 | U9: =IF(S9="",0,IF(S9<=2,1,IF(S9<=4,2,IF(S9<=5.5,3,4)))) -> 1 | V9: =IF(T9="",0,IF(T9<=2,1,IF(T9<=4,2,IF(T9<=5.5,3,4)))) -> 2 | W9: =IF(OR(H9="", H9="Not Placement"), "Not tested yet", IF(V9<U9, "Regressed", IF(V9=U9, IF(T9>S9, "Minor Improvement", "No Progress"), IF(V9-U9=1, "Lv"&U9&"→Lv"&V9, "Lv"&U9&"→Lv"&V9&" (multi)")))) -> Lv1→Lv2 | Y9: 237167 | Z9: Left | AA9: Resgined | AC9: 247029 | AD9: =countif($A$2:$A1010,AC9) -> 0
A10: 247378 | B10: NGUYỄN BẢO ĐẠT | C10: =IFERROR(__xludf.DUMMYFUNCTION("arrayformula(VLOOKUP(to_Text(A10),to_Text(sheet2!$A$1:M1005),13,0))"),"MOC") -> MOC | D10: =IFERROR(__xludf.DUMMYFUNCTION("arrayformula(VLOOKUP(to_Text(A10),to_Text(sheet2!$A$1:M1005),12,0))"),"QC") -> QC | E10: =IF(OR(L10="✅ Completed",L10="❌ Dropped"),"Inactive",IF(M10="Waiting for class","Waiting for class","Active")) -> Inactive | F10: {=IFERROR( INDEX(ATTENDANCE_INPUT!D:D, MATCH(1, (ATTENDANCE_INPUT!A:A=A10) * (ATTENDANCE_INPUT!W:W=MAXIFS(ATTENDANCE_INPUT!W:W, ATTENDANCE_INPUT!A:A, A10)), 0)), "")} -> Anh To | G10: {=IFERROR( INDEX(ATTENDANCE_INPUT!E:E, MATCH(1, (ATTENDANCE_INPUT!A:A=A10) * (ATTENDANCE_INPUT!W:W=MAXIFS(ATTENDANCE_INPUT!W:W, ATTENDANCE_INPUT!A:A, A10)), 0)), "")} -> Communication 2 | H10: {=IF(ISNA(MATCH(A10,sheet2!A:A,0)),"⏳ Chưa test",IFERROR(INDEX(LEVEL_HELPER!A:A,MATCH(INDEX(sheet2!N:N,MATCH(A10,sheet2!A:A,0)),LEVEL_HELPER!B:B,0)),"⏳ Chưa test"))} -> Beginner | I10: {=IF(ISNA(MATCH(A10,sheet2!A:A,0)),H10,IF(INDEX(sheet2!O:O,MATCH(A10,sheet2!A:A,0))>0,IFERROR(INDEX(LEVEL_HELPER!A:A,MATCH(INDEX(sheet2!O:O,MATCH(A10,sheet2!A:A,0)),LEVEL_HELPER!B:B,0)),H10),H10))} -> Intermediate 1 | J10: =IFERROR(MAXIFS(ATTENDANCE_LOG!F:F, ATTENDANCE_LOG!C:C, A10&"", ATTENDANCE_LOG!G:G, "Present"), "") -> 46136.417 | K10: =IF(J10="", "", TODAY() - J10) -> 76.583333 | L10: =IF(M10="Completed (no continuation)","✅ Completed",IF(M10="Discontinued mid-course","❌ Dropped",IF(AND(ISNUMBER(K10),K10>=30),"⚠ Check",""))) -> ✅ Completed | M10: Completed (no continuation) | N10: High workload | O10: Chờ ghép lớp com 3 tháng 7/8 | P10: =IFERROR(__xludf.DUMMYFUNCTION("IFERROR(COUNTUNIQUEIFS(ATTENDANCE_LOG!B:B,ATTENDANCE_LOG!C:C,A10),0)"),2.0) -> 2 | Q10: {=IFERROR(INDEX(ATTENDANCE_LOG!A:A,MATCH(1,(ATTENDANCE_LOG!C:C=A10)*(ATTENDANCE_LOG!F:F=MAXIFS(ATTENDANCE_LOG!F:F,ATTENDANCE_LOG!C:C,A10)),0)),"")} -> EL025 | R10: {=IFERROR(INDEX(ATTENDANCE_LOG!B:B,MATCH(1,(ATTENDANCE_LOG!C:C=A10)*(ATTENDANCE_LOG!F:F=MAXIFS(ATTENDANCE_LOG!F:F,ATTENDANCE_LOG!C:C,A10)),0)),"")} -> Communication 2 | S10: =IFERROR(VLOOKUP(H10, LEVEL_HELPER!A:B, 2, 0), 0) -> 1 | T10: =IFERROR(VLOOKUP(I10, LEVEL_HELPER!A:B, 2, 0), 0) -> 5 | U10: =IF(S10="",0,IF(S10<=2,1,IF(S10<=4,2,IF(S10<=5.5,3,4)))) -> 1 | V10: =IF(T10="",0,IF(T10<=2,1,IF(T10<=4,2,IF(T10<=5.5,3,4)))) -> 3 | W10: =IF(OR(H10="", H10="Not Placement"), "Not tested yet", IF(V10<U10, "Regressed", IF(V10=U10, IF(T10>S10, "Minor Improvement", "No Progress"), IF(V10-U10=1, "Lv"&U10&"→Lv"&V10, "Lv"&U10&"→Lv"&V10&" (multi)")))) -> Lv1→Lv3 (multi) | Y10: 247140 | Z10: Ungroup team | AA10: Team restructuring | AC10: 247099 | AD10: =countif($A$2:$A1011,AC10) -> 0
A11: 203765 | B11: ĐỖ GIA KHÁNH | C11: =IFERROR(__xludf.DUMMYFUNCTION("arrayformula(VLOOKUP(to_Text(A11),to_Text(sheet2!$A$1:M1005),13,0))"),"MOC") -> MOC | D11: =IFERROR(__xludf.DUMMYFUNCTION("arrayformula(VLOOKUP(to_Text(A11),to_Text(sheet2!$A$1:M1005),12,0))"),"DEV") -> DEV | E11: =IF(OR(L11="✅ Completed",L11="❌ Dropped"),"Inactive",IF(M11="Waiting for class","Waiting for class","Active")) -> Waiting for class | F11: {=IFERROR( INDEX(ATTENDANCE_INPUT!D:D, MATCH(1, (ATTENDANCE_INPUT!A:A=A11) * (ATTENDANCE_INPUT!W:W=MAXIFS(ATTENDANCE_INPUT!W:W, ATTENDANCE_INPUT!A:A, A11)), 0)), "")} -> Anh To | G11: {=IFERROR( INDEX(ATTENDANCE_INPUT!E:E, MATCH(1, (ATTENDANCE_INPUT!A:A=A11) * (ATTENDANCE_INPUT!W:W=MAXIFS(ATTENDANCE_INPUT!W:W, ATTENDANCE_INPUT!A:A, A11)), 0)), "")} -> Communication 2 | H11: {=IF(ISNA(MATCH(A11,sheet2!A:A,0)),"⏳ Chưa test",IFERROR(INDEX(LEVEL_HELPER!A:A,MATCH(INDEX(sheet2!N:N,MATCH(A11,sheet2!A:A,0)),LEVEL_HELPER!B:B,0)),"⏳ Chưa test"))} -> Beginner | I11: {=IF(ISNA(MATCH(A11,sheet2!A:A,0)),H11,IF(INDEX(sheet2!O:O,MATCH(A11,sheet2!A:A,0))>0,IFERROR(INDEX(LEVEL_HELPER!A:A,MATCH(INDEX(sheet2!O:O,MATCH(A11,sheet2!A:A,0)),LEVEL_HELPER!B:B,0)),H11),H11))} -> Pre-Intermediate 2 | J11: =IFERROR(MAXIFS(ATTENDANCE_LOG!F:F, ATTENDANCE_LOG!C:C, A11&"", ATTENDANCE_LOG!G:G, "Present"), "") -> 46136.417 | K11: =IF(J11="", "", TODAY() - J11) -> 76.583333 | L11: =IF(M11="Completed (no continuation)","✅ Completed",IF(M11="Discontinued mid-course","❌ Dropped",IF(AND(ISNUMBER(K11),K11>=30),"⚠ Check",""))) -> ⚠ Check | M11: Waiting for class | O11: Chờ ghép lớp com 3 tháng 7/8 | P11: =IFERROR(__xludf.DUMMYFUNCTION("IFERROR(COUNTUNIQUEIFS(ATTENDANCE_LOG!B:B,ATTENDANCE_LOG!C:C,A11),0)"),2.0) -> 2 | Q11: {=IFERROR(INDEX(ATTENDANCE_LOG!A:A,MATCH(1,(ATTENDANCE_LOG!C:C=A11)*(ATTENDANCE_LOG!F:F=MAXIFS(ATTENDANCE_LOG!F:F,ATTENDANCE_LOG!C:C,A11)),0)),"")} -> EL025 | R11: {=IFERROR(INDEX(ATTENDANCE_LOG!B:B,MATCH(1,(ATTENDANCE_LOG!C:C=A11)*(ATTENDANCE_LOG!F:F=MAXIFS(ATTENDANCE_LOG!F:F,ATTENDANCE_LOG!C:C,A11)),0)),"")} -> Communication 2 | S11: =IFERROR(VLOOKUP(H11, LEVEL_HELPER!A:B, 2, 0), 0) -> 1 | T11: =IFERROR(VLOOKUP(I11, LEVEL_HELPER!A:B, 2, 0), 0) -> 3.5 | U11: =IF(S11="",0,IF(S11<=2,1,IF(S11<=4,2,IF(S11<=5.5,3,4)))) -> 1 | V11: =IF(T11="",0,IF(T11<=2,1,IF(T11<=4,2,IF(T11<=5.5,3,4)))) -> 2 | W11: =IF(OR(H11="", H11="Not Placement"), "Not tested yet", IF(V11<U11, "Regressed", IF(V11=U11, IF(T11>S11, "Minor Improvement", "No Progress"), IF(V11-U11=1, "Lv"&U11&"→Lv"&V11, "Lv"&U11&"→Lv"&V11&" (multi)")))) -> Lv1→Lv2 | Y11: 247309 | Z11: High workload / Can't arrange time | AA11: High workload
A12: 247225 | B12: LÊ PHƯỚC THIỆN | C12: =IFERROR(__xludf.DUMMYFUNCTION("arrayformula(VLOOKUP(to_Text(A12),to_Text(sheet2!$A$1:M1005),13,0))"),"MOC") -> MOC | D12: =IFERROR(__xludf.DUMMYFUNCTION("arrayformula(VLOOKUP(to_Text(A12),to_Text(sheet2!$A$1:M1005),12,0))"),"DEV") -> DEV | E12: =IF(OR(L12="✅ Completed",L12="❌ Dropped"),"Inactive",IF(M12="Waiting for class","Waiting for class","Active")) -> Waiting for class | F12: {=IFERROR( INDEX(ATTENDANCE_INPUT!D:D, MATCH(1, (ATTENDANCE_INPUT!A:A=A12) * (ATTENDANCE_INPUT!W:W=MAXIFS(ATTENDANCE_INPUT!W:W, ATTENDANCE_INPUT!A:A, A12)), 0)), "")} -> Anh To | G12: {=IFERROR( INDEX(ATTENDANCE_INPUT!E:E, MATCH(1, (ATTENDANCE_INPUT!A:A=A12) * (ATTENDANCE_INPUT!W:W=MAXIFS(ATTENDANCE_INPUT!W:W, ATTENDANCE_INPUT!A:A, A12)), 0)), "")} -> Communication 2 | H12: {=IF(ISNA(MATCH(A12,sheet2!A:A,0)),"⏳ Chưa test",IFERROR(INDEX(LEVEL_HELPER!A:A,MATCH(INDEX(sheet2!N:N,MATCH(A12,sheet2!A:A,0)),LEVEL_HELPER!B:B,0)),"⏳ Chưa test"))} -> Beginner | I12: {=IF(ISNA(MATCH(A12,sheet2!A:A,0)),H12,IF(INDEX(sheet2!O:O,MATCH(A12,sheet2!A:A,0))>0,IFERROR(INDEX(LEVEL_HELPER!A:A,MATCH(INDEX(sheet2!O:O,MATCH(A12,sheet2!A:A,0)),LEVEL_HELPER!B:B,0)),H12),H12))} -> Pre-Intermediate 1 | J12: =IFERROR(MAXIFS(ATTENDANCE_LOG!F:F, ATTENDANCE_LOG!C:C, A12&"", ATTENDANCE_LOG!G:G, "Present"), "") -> 46136.417 | K12: =IF(J12="", "", TODAY() - J12) -> 76.583333 | L12: =IF(M12="Completed (no continuation)","✅ Completed",IF(M12="Discontinued mid-course","❌ Dropped",IF(AND(ISNUMBER(K12),K12>=30),"⚠ Check",""))) -> ⚠ Check | M12: Waiting for class | O12: Chờ ghép lớp com 3 tháng 7/8 | P12: =IFERROR(__xludf.DUMMYFUNCTION("IFERROR(COUNTUNIQUEIFS(ATTENDANCE_LOG!B:B,ATTENDANCE_LOG!C:C,A12),0)"),2.0) -> 2 | Q12: {=IFERROR(INDEX(ATTENDANCE_LOG!A:A,MATCH(1,(ATTENDANCE_LOG!C:C=A12)*(ATTENDANCE_LOG!F:F=MAXIFS(ATTENDANCE_LOG!F:F,ATTENDANCE_LOG!C:C,A12)),0)),"")} -> EL025 | R12: {=IFERROR(INDEX(ATTENDANCE_LOG!B:B,MATCH(1,(ATTENDANCE_LOG!C:C=A12)*(ATTENDANCE_LOG!F:F=MAXIFS(ATTENDANCE_LOG!F:F,ATTENDANCE_LOG!C:C,A12)),0)),"")} -> Communication 2 | S12: =IFERROR(VLOOKUP(H12, LEVEL_HELPER!A:B, 2, 0), 0) -> 1 | T12: =IFERROR(VLOOKUP(I12, LEVEL_HELPER!A:B, 2, 0), 0) -> 3 | U12: =IF(S12="",0,IF(S12<=2,1,IF(S12<=4,2,IF(S12<=5.5,3,4)))) -> 1 | V12: =IF(T12="",0,IF(T12<=2,1,IF(T12<=4,2,IF(T12<=5.5,3,4)))) -> 2 | W12: =IF(OR(H12="", H12="Not Placement"), "Not tested yet", IF(V12<U12, "Regressed", IF(V12=U12, IF(T12>S12, "Minor Improvement", "No Progress"), IF(V12-U12=1, "Lv"&U12&"→Lv"&V12, "Lv"&U12&"→Lv"&V12&" (multi)")))) -> Lv1→Lv2 | Y12: 247139 | Z12: Ungroup team | AA12: Team restructuring
A13: 213947 | B13: NGUYỄN NGỌC PHƯƠNG NHI | C13: =IFERROR(__xludf.DUMMYFUNCTION("arrayformula(VLOOKUP(to_Text(A13),to_Text(sheet2!$A$1:M1005),13,0))"),"MOC") -> MOC | D13: =IFERROR(__xludf.DUMMYFUNCTION("arrayformula(VLOOKUP(to_Text(A13),to_Text(sheet2!$A$1:M1005),12,0))"),"QC") -> QC | E13: =IF(OR(L13="✅ Completed",L13="❌ Dropped"),"Inactive",IF(M13="Waiting for class","Waiting for class","Active")) -> Waiting for class | F13: {=IFERROR( INDEX(ATTENDANCE_INPUT!D:D, MATCH(1, (ATTENDANCE_INPUT!A:A=A13) * (ATTENDANCE_INPUT!W:W=MAXIFS(ATTENDANCE_INPUT!W:W, ATTENDANCE_INPUT!A:A, A13)), 0)), "")} -> Anh To | G13: {=IFERROR( INDEX(ATTENDANCE_INPUT!E:E, MATCH(1, (ATTENDANCE_INPUT!A:A=A13) * (ATTENDANCE_INPUT!W:W=MAXIFS(ATTENDANCE_INPUT!W:W, ATTENDANCE_INPUT!A:A, A13)), 0)), "")} -> Communication 2 | H13: {=IF(ISNA(MATCH(A13,sheet2!A:A,0)),"⏳ Chưa test",IFERROR(INDEX(LEVEL_HELPER!A:A,MATCH(INDEX(sheet2!N:N,MATCH(A13,sheet2!A:A,0)),LEVEL_HELPER!B:B,0)),"⏳ Chưa test"))} -> Beginner | I13: {=IF(ISNA(MATCH(A13,sheet2!A:A,0)),H13,IF(INDEX(sheet2!O:O,MATCH(A13,sheet2!A:A,0))>0,IFERROR(INDEX(LEVEL_HELPER!A:A,MATCH(INDEX(sheet2!O:O,MATCH(A13,sheet2!A:A,0)),LEVEL_HELPER!B:B,0)),H13),H13))} -> Pre-Intermediate 1 | J13: =IFERROR(MAXIFS(ATTENDANCE_LOG!F:F, ATTENDANCE_LOG!C:C, A13&"", ATTENDANCE_LOG!G:G, "Present"), "") -> 46136.417 | K13: =IF(J13="", "", TODAY() - J13) -> 76.583333 | L13: =IF(M13="Completed (no continuation)","✅ Completed",IF(M13="Discontinued mid-course","❌ Dropped",IF(AND(ISNUMBER(K13),K13>=30),"⚠ Check",""))) -> ⚠ Check | M13: Waiting for class | O13: Chờ ghép lớp com 3 tháng 7/8 | P13: =IFERROR(__xludf.DUMMYFUNCTION("IFERROR(COUNTUNIQUEIFS(ATTENDANCE_LOG!B:B,ATTENDANCE_LOG!C:C,A13),0)"),2.0) -> 2 | Q13: {=IFERROR(INDEX(ATTENDANCE_LOG!A:A,MATCH(1,(ATTENDANCE_LOG!C:C=A13)*(ATTENDANCE_LOG!F:F=MAXIFS(ATTENDANCE_LOG!F:F,ATTENDANCE_LOG!C:C,A13)),0)),"")} -> EL025 | R13: {=IFERROR(INDEX(ATTENDANCE_LOG!B:B,MATCH(1,(ATTENDANCE_LOG!C:C=A13)*(ATTENDANCE_LOG!F:F=MAXIFS(ATTENDANCE_LOG!F:F,ATTENDANCE_LOG!C:C,A13)),0)),"")} -> Communication 2 | S13: =IFERROR(VLOOKUP(H13, LEVEL_HELPER!A:B, 2, 0), 0) -> 1 | T13: =IFERROR(VLOOKUP(I13, LEVEL_HELPER!A:B, 2, 0), 0) -> 3 | U13: =IF(S13="",0,IF(S13<=2,1,IF(S13<=4,2,IF(S13<=5.5,3,4)))) -> 1 | V13: =IF(T13="",0,IF(T13<=2,1,IF(T13<=4,2,IF(T13<=5.5,3,4)))) -> 2 | W13: =IF(OR(H13="", H13="Not Placement"), "Not tested yet", IF(V13<U13, "Regressed", IF(V13=U13, IF(T13>S13, "Minor Improvement", "No Progress"), IF(V13-U13=1, "Lv"&U13&"→Lv"&V13, "Lv"&U13&"→Lv"&V13&" (multi)")))) -> Lv1→Lv2 | Y13: 247135 | Z13: Ungroup team | AA13: Team restructuring
A14: 213876 | B14: TÔ DIỆP THIÊN ANH | C14: =IFERROR(__xludf.DUMMYFUNCTION("arrayformula(VLOOKUP(to_Text(A14),to_Text(sheet2!$A$1:M1005),13,0))"),"MOC") -> MOC | D14: =IFERROR(__xludf.DUMMYFUNCTION("arrayformula(VLOOKUP(to_Text(A14),to_Text(sheet2!$A$1:M1005),12,0))"),"DEV") -> DEV | E14: =IF(OR(L14="✅ Completed",L14="❌ Dropped"),"Inactive",IF(M14="Waiting for class","Waiting for class","Active")) -> Waiting for class | F14: {=IFERROR( INDEX(ATTENDANCE_INPUT!D:D, MATCH(1, (ATTENDANCE_INPUT!A:A=A14) * (ATTENDANCE_INPUT!W:W=MAXIFS(ATTENDANCE_INPUT!W:W, ATTENDANCE_INPUT!A:A, A14)), 0)), "")} -> Anh To | G14: {=IFERROR( INDEX(ATTENDANCE_INPUT!E:E, MATCH(1, (ATTENDANCE_INPUT!A:A=A14) * (ATTENDANCE_INPUT!W:W=MAXIFS(ATTENDANCE_INPUT!W:W, ATTENDANCE_INPUT!A:A, A14)), 0)), "")} -> Communication 2 | H14: {=IF(ISNA(MATCH(A14,sheet2!A:A,0)),"⏳ Chưa test",IFERROR(INDEX(LEVEL_HELPER!A:A,MATCH(INDEX(sheet2!N:N,MATCH(A14,sheet2!A:A,0)),LEVEL_HELPER!B:B,0)),"⏳ Chưa test"))} -> Beginner | I14: {=IF(ISNA(MATCH(A14,sheet2!A:A,0)),H14,IF(INDEX(sheet2!O:O,MATCH(A14,sheet2!A:A,0))>0,IFERROR(INDEX(LEVEL_HELPER!A:A,MATCH(INDEX(sheet2!O:O,MATCH(A14,sheet2!A:A,0)),LEVEL_HELPER!B:B,0)),H14),H14))} -> Pre-Intermediate 2 | J14: =IFERROR(MAXIFS(ATTENDANCE_LOG!F:F, ATTENDANCE_LOG!C:C, A14&"", ATTENDANCE_LOG!G:G, "Present"), "") -> 46136.417 | K14: =IF(J14="", "", TODAY() - J14) -> 76.583333 | L14: =IF(M14="Completed (no continuation)","✅ Completed",IF(M14="Discontinued mid-course","❌ Dropped",IF(AND(ISNUMBER(K14),K14>=30),"⚠ Check",""))) -> ⚠ Check | M14: Waiting for class | O14: Chờ ghép lớp com 3 tháng 7/8 | P14: =IFERROR(__xludf.DUMMYFUNCTION("IFERROR(COUNTUNIQUEIFS(ATTENDANCE_LOG!B:B,ATTENDANCE_LOG!C:C,A14),0)"),2.0) -> 2 | Q14: {=IFERROR(INDEX(ATTENDANCE_LOG!A:A,MATCH(1,(ATTENDANCE_LOG!C:C=A14)*(ATTENDANCE_LOG!F:F=MAXIFS(ATTENDANCE_LOG!F:F,ATTENDANCE_LOG!C:C,A14)),0)),"")} -> EL025 | R14: {=IFERROR(INDEX(ATTENDANCE_LOG!B:B,MATCH(1,(ATTENDANCE_LOG!C:C=A14)*(ATTENDANCE_LOG!F:F=MAXIFS(ATTENDANCE_LOG!F:F,ATTENDANCE_LOG!C:C,A14)),0)),"")} -> Communication 2 | S14: =IFERROR(VLOOKUP(H14, LEVEL_HELPER!A:B, 2, 0), 0) -> 1 | T14: =IFERROR(VLOOKUP(I14, LEVEL_HELPER!A:B, 2, 0), 0) -> 3.5 | U14: =IF(S14="",0,IF(S14<=2,1,IF(S14<=4,2,IF(S14<=5.5,3,4)))) -> 1 | V14: =IF(T14="",0,IF(T14<=2,1,IF(T14<=4,2,IF(T14<=5.5,3,4)))) -> 2 | W14: =IF(OR(H14="", H14="Not Placement"), "Not tested yet", IF(V14<U14, "Regressed", IF(V14=U14, IF(T14>S14, "Minor Improvement", "No Progress"), IF(V14-U14=1, "Lv"&U14&"→Lv"&V14, "Lv"&U14&"→Lv"&V14&" (multi)")))) -> Lv1→Lv2 | Y14: 247213 | Z14: Ungroup team | AA14: Team restructuring
A15: 247245 | B15: THÁI NHẬT TÂN | C15: =IFERROR(__xludf.DUMMYFUNCTION("arrayformula(VLOOKUP(to_Text(A15),to_Text(sheet2!$A$1:M1005),13,0))"),"LBU") -> LBU | D15: =IFERROR(__xludf.DUMMYFUNCTION("arrayformula(VLOOKUP(to_Text(A15),to_Text(sheet2!$A$1:M1005),12,0))"),"DEV") -> DEV | E15: =IF(OR(L15="✅ Completed",L15="❌ Dropped"),"Inactive",IF(M15="Waiting for class","Waiting for class","Active")) -> Inactive | F15: {=IFERROR( INDEX(ATTENDANCE_INPUT!D:D, MATCH(1, (ATTENDANCE_INPUT!A:A=A15) * (ATTENDANCE_INPUT!W:W=MAXIFS(ATTENDANCE_INPUT!W:W, ATTENDANCE_INPUT!A:A, A15)), 0)), "")} -> Anh To | G15: {=IFERROR( INDEX(ATTENDANCE_INPUT!E:E, MATCH(1, (ATTENDANCE_INPUT!A:A=A15) * (ATTENDANCE_INPUT!W:W=MAXIFS(ATTENDANCE_INPUT!W:W, ATTENDANCE_INPUT!A:A, A15)), 0)), "")} -> Communication 1 | H15: {=IF(ISNA(MATCH(A15,sheet2!A:A,0)),"⏳ Chưa test",IFERROR(INDEX(LEVEL_HELPER!A:A,MATCH(INDEX(sheet2!N:N,MATCH(A15,sheet2!A:A,0)),LEVEL_HELPER!B:B,0)),"⏳ Chưa test"))} -> Beginner | I15: {=IF(ISNA(MATCH(A15,sheet2!A:A,0)),H15,IF(INDEX(sheet2!O:O,MATCH(A15,sheet2!A:A,0))>0,IFERROR(INDEX(LEVEL_HELPER!A:A,MATCH(INDEX(sheet2!O:O,MATCH(A15,sheet2!A:A,0)),LEVEL_HELPER!B:B,0)),H15),H15))} -> Pre-Intermediate 1 | J15: =IFERROR(MAXIFS(ATTENDANCE_LOG!F:F, ATTENDANCE_LOG!C:C, A15&"", ATTENDANCE_LOG!G:G, "Present"), "") -> 45894.542 | K15: =IF(J15="", "", TODAY() - J15) -> 318.45833 | L15: =IF(M15="Completed (no continuation)","✅ Completed",IF(M15="Discontinued mid-course","❌ Dropped",IF(AND(ISNUMBER(K15),K15>=30),"⚠ Check",""))) -> ❌ Dropped | M15: Discontinued mid-course | N15: High workload | P15: =IFERROR(__xludf.DUMMYFUNCTION("IFERROR(COUNTUNIQUEIFS(ATTENDANCE_LOG!B:B,ATTENDANCE_LOG!C:C,A15),0)"),1.0) -> 1 | Q15: {=IFERROR(INDEX(ATTENDANCE_LOG!A:A,MATCH(1,(ATTENDANCE_LOG!C:C=A15)*(ATTENDANCE_LOG!F:F=MAXIFS(ATTENDANCE_LOG!F:F,ATTENDANCE_LOG!C:C,A15)),0)),"")} -> EL025 | R15: {=IFERROR(INDEX(ATTENDANCE_LOG!B:B,MATCH(1,(ATTENDANCE_LOG!C:C=A15)*(ATTENDANCE_LOG!F:F=MAXIFS(ATTENDANCE_LOG!F:F,ATTENDANCE_LOG!C:C,A15)),0)),"")} -> Communication 1 | S15: =IFERROR(VLOOKUP(H15, LEVEL_HELPER!A:B, 2, 0), 0) -> 1 | T15: =IFERROR(VLOOKUP(I15, LEVEL_HELPER!A:B, 2, 0), 0) -> 3 | U15: =IF(S15="",0,IF(S15<=2,1,IF(S15<=4,2,IF(S15<=5.5,3,4)))) -> 1 | V15: =IF(T15="",0,IF(T15<=2,1,IF(T15<=4,2,IF(T15<=5.5,3,4)))) -> 2 | W15: =IF(OR(H15="", H15="Not Placement"), "Not tested yet", IF(V15<U15, "Regressed", IF(V15=U15, IF(T15>S15, "Minor Improvement", "No Progress"), IF(V15-U15=1, "Lv"&U15&"→Lv"&V15, "Lv"&U15&"→Lv"&V15&" (multi)")))) -> Lv1→Lv2 | Y15: 247142 | Z15: Ungroup team | AA15: Team restructuring
A16: 237050 | B16: TRẦN THỊ THANH NGA | C16: =IFERROR(__xludf.DUMMYFUNCTION("arrayformula(VLOOKUP(to_Text(A16),to_Text(sheet2!$A$1:M1005),13,0))"),"POC") -> POC | D16: =IFERROR(__xludf.DUMMYFUNCTION("arrayformula(VLOOKUP(to_Text(A16),to_Text(sheet2!$A$1:M1005),12,0))"),"QC") -> QC | E16: =IF(OR(L16="✅ Completed",L16="❌ Dropped"),"Inactive",IF(M16="Waiting for class","Waiting for class","Active")) -> Active | F16: {=IFERROR( INDEX(ATTENDANCE_INPUT!D:D, MATCH(1, (ATTENDANCE_INPUT!A:A=A16) * (ATTENDANCE_INPUT!W:W=MAXIFS(ATTENDANCE_INPUT!W:W, ATTENDANCE_INPUT!A:A, A16)), 0)), "")} -> Anh Vu | G16: {=IFERROR( INDEX(ATTENDANCE_INPUT!E:E, MATCH(1, (ATTENDANCE_INPUT!A:A=A16) * (ATTENDANCE_INPUT!W:W=MAXIFS(ATTENDANCE_INPUT!W:W, ATTENDANCE_INPUT!A:A, A16)), 0)), "")} -> Business English | H16: {=IF(ISNA(MATCH(A16,sheet2!A:A,0)),"⏳ Chưa test",IFERROR(INDEX(LEVEL_HELPER!A:A,MATCH(INDEX(sheet2!N:N,MATCH(A16,sheet2!A:A,0)),LEVEL_HELPER!B:B,0)),"⏳ Chưa test"))} -> Intermediate | I16: {=IF(ISNA(MATCH(A16,sheet2!A:A,0)),H16,IF(INDEX(sheet2!O:O,MATCH(A16,sheet2!A:A,0))>0,IFERROR(INDEX(LEVEL_HELPER!A:A,MATCH(INDEX(sheet2!O:O,MATCH(A16,sheet2!A:A,0)),LEVEL_HELPER!B:B,0)),H16),H16))} -> Intermediate 2 | J16: =IFERROR(MAXIFS(ATTENDANCE_LOG!F:F, ATTENDANCE_LOG!C:C, A16&"", ATTENDANCE_LOG!G:G, "Present"), "") -> 46211.583 | K16: =IF(J16="", "", TODAY() - J16) -> 1.4166667 | L16: =IF(M16="Completed (no continuation)","✅ Completed",IF(M16="Discontinued mid-course","❌ Dropped",IF(AND(ISNUMBER(K16),K16>=30),"⚠ Check",""))) | P16: =IFERROR(__xludf.DUMMYFUNCTION("IFERROR(COUNTUNIQUEIFS(ATTENDANCE_LOG!B:B,ATTENDANCE_LOG!C:C,A16),0)"),3.0) -> 3 | Q16: {=IFERROR(INDEX(ATTENDANCE_LOG!A:A,MATCH(1,(ATTENDANCE_LOG!C:C=A16)*(ATTENDANCE_LOG!F:F=MAXIFS(ATTENDANCE_LOG!F:F,ATTENDANCE_LOG!C:C,A16)),0)),"")} -> EL001 | R16: {=IFERROR(INDEX(ATTENDANCE_LOG!B:B,MATCH(1,(ATTENDANCE_LOG!C:C=A16)*(ATTENDANCE_LOG!F:F=MAXIFS(ATTENDANCE_LOG!F:F,ATTENDANCE_LOG!C:C,A16)),0)),"")} -> Business English | S16: =IFERROR(VLOOKUP(H16, LEVEL_HELPER!A:B, 2, 0), 0) -> 4.5 | T16: =IFERROR(VLOOKUP(I16, LEVEL_HELPER!A:B, 2, 0), 0) -> 5.5 | U16: =IF(S16="",0,IF(S16<=2,1,IF(S16<=4,2,IF(S16<=5.5,3,4)))) -> 3 | V16: =IF(T16="",0,IF(T16<=2,1,IF(T16<=4,2,IF(T16<=5.5,3,4)))) -> 3 | W16: =IF(OR(H16="", H16="Not Placement"), "Not tested yet", IF(V16<U16, "Regressed", IF(V16=U16, IF(T16>S16, "Minor Improvement", "No Progress"), IF(V16-U16=1, "Lv"&U16&"→Lv"&V16, "Lv"&U16&"→Lv"&V16&" (multi)")))) -> Minor Improvement | Y16: 247174 | Z16: Ungroup team | AA16: Team restructuring
A17: 227148 | B17: TRẦN THỊ THÙY DUNG | C17: =IFERROR(__xludf.DUMMYFUNCTION("arrayformula(VLOOKUP(to_Text(A17),to_Text(sheet2!$A$1:M1005),13,0))"),"POC") -> POC | D17: =IFERROR(__xludf.DUMMYFUNCTION("arrayformula(VLOOKUP(to_Text(A17),to_Text(sheet2!$A$1:M1005),12,0))"),"QC") -> QC | E17: =IF(OR(L17="✅ Completed",L17="❌ Dropped"),"Inactive",IF(M17="Waiting for class","Waiting for class","Active")) -> Active | F17: {=IFERROR( INDEX(ATTENDANCE_INPUT!D:D, MATCH(1, (ATTENDANCE_INPUT!A:A=A17) * (ATTENDANCE_INPUT!W:W=MAXIFS(ATTENDANCE_INPUT!W:W, ATTENDANCE_INPUT!A:A, A17)), 0)), "")} -> Anh Vu | G17: {=IFERROR( INDEX(ATTENDANCE_INPUT!E:E, MATCH(1, (ATTENDANCE_INPUT!A:A=A17) * (ATTENDANCE_INPUT!W:W=MAXIFS(ATTENDANCE_INPUT!W:W, ATTENDANCE_INPUT!A:A, A17)), 0)), "")} -> Business English | H17: {=IF(ISNA(MATCH(A17,sheet2!A:A,0)),"⏳ Chưa test",IFERROR(INDEX(LEVEL_HELPER!A:A,MATCH(INDEX(sheet2!N:N,MATCH(A17,sheet2!A:A,0)),LEVEL_HELPER!B:B,0)),"⏳ Chưa test"))} -> Beginner | I17: {=IF(ISNA(MATCH(A17,sheet2!A:A,0)),H17,IF(INDEX(sheet2!O:O,MATCH(A17,sheet2!A:A,0))>0,IFERROR(INDEX(LEVEL_HELPER!A:A,MATCH(INDEX(sheet2!O:O,MATCH(A17,sheet2!A:A,0)),LEVEL_HELPER!B:B,0)),H17),H17))} -> Intermediate 1 | J17: =IFERROR(MAXIFS(ATTENDANCE_LOG!F:F, ATTENDANCE_LOG!C:C, A17&"", ATTENDANCE_LOG!G:G, "Present"), "") -> 46211.583 | K17: =IF(J17="", "", TODAY() - J17) -> 1.4166667 | L17: =IF(M17="Completed (no continuation)","✅ Completed",IF(M17="Discontinued mid-course","❌ Dropped",IF(AND(ISNUMBER(K17),K17>=30),"⚠ Check",""))) | P17: =IFERROR(__xludf.DUMMYFUNCTION("IFERROR(COUNTUNIQUEIFS(ATTENDANCE_LOG!B:B,ATTENDANCE_LOG!C:C,A17),0)"),3.0) -> 3 | Q17: {=IFERROR(INDEX(ATTENDANCE_LOG!A:A,MATCH(1,(ATTENDANCE_LOG!C:C=A17)*(ATTENDANCE_LOG!F:F=MAXIFS(ATTENDANCE_LOG!F:F,ATTENDANCE_LOG!C:C,A17)),0)),"")} -> EL001 | R17: {=IFERROR(INDEX(ATTENDANCE_LOG!B:B,MATCH(1,(ATTENDANCE_LOG!C:C=A17)*(ATTENDANCE_LOG!F:F=MAXIFS(ATTENDANCE_LOG!F:F,ATTENDANCE_LOG!C:C,A17)),0)),"")} -> Business English | S17: =IFERROR(VLOOKUP(H17, LEVEL_HELPER!A:B, 2, 0), 0) -> 1 | T17: =IFERROR(VLOOKUP(I17, LEVEL_HELPER!A:B, 2, 0), 0) -> 5 | U17: =IF(S17="",0,IF(S17<=2,1,IF(S17<=4,2,IF(S17<=5.5,3,4)))) -> 1 | V17: =IF(T17="",0,IF(T17<=2,1,IF(T17<=4,2,IF(T17<=5.5,3,4)))) -> 3 | W17: =IF(OR(H17="", H17="Not Placement"), "Not tested yet", IF(V17<U17, "Regressed", IF(V17=U17, IF(T17>S17, "Minor Improvement", "No Progress"), IF(V17-U17=1, "Lv"&U17&"→Lv"&V17, "Lv"&U17&"→Lv"&V17&" (multi)")))) -> Lv1→Lv3 (multi) | Y17: 247212 | Z17: Ungroup team | AA17: Team restructuring
A18: 227155 | B18: VŨ TÚ ANH | C18: =IFERROR(__xludf.DUMMYFUNCTION("arrayformula(VLOOKUP(to_Text(A18),to_Text(sheet2!$A$1:M1005),13,0))"),"POC") -> POC | D18: =IFERROR(__xludf.DUMMYFUNCTION("arrayformula(VLOOKUP(to_Text(A18),to_Text(sheet2!$A$1:M1005),12,0))"),"QC") -> QC | E18: =IF(OR(L18="✅ Completed",L18="❌ Dropped"),"Inactive",IF(M18="Waiting for class","Waiting for class","Active")) -> Active | F18: {=IFERROR( INDEX(ATTENDANCE_INPUT!D:D, MATCH(1, (ATTENDANCE_INPUT!A:A=A18) * (ATTENDANCE_INPUT!W:W=MAXIFS(ATTENDANCE_INPUT!W:W, ATTENDANCE_INPUT!A:A, A18)), 0)), "")} -> Anh Vu | G18: {=IFERROR( INDEX(ATTENDANCE_INPUT!E:E, MATCH(1, (ATTENDANCE_INPUT!A:A=A18) * (ATTENDANCE_INPUT!W:W=MAXIFS(ATTENDANCE_INPUT!W:W, ATTENDANCE_INPUT!A:A, A18)), 0)), "")} -> Business English | H18: {=IF(ISNA(MATCH(A18,sheet2!A:A,0)),"⏳ Chưa test",IFERROR(INDEX(LEVEL_HELPER!A:A,MATCH(INDEX(sheet2!N:N,MATCH(A18,sheet2!A:A,0)),LEVEL_HELPER!B:B,0)),"⏳ Chưa test"))} -> Pre-Intermediate | I18: {=IF(ISNA(MATCH(A18,sheet2!A:A,0)),H18,IF(INDEX(sheet2!O:O,MATCH(A18,sheet2!A:A,0))>0,IFERROR(INDEX(LEVEL_HELPER!A:A,MATCH(INDEX(sheet2!O:O,MATCH(A18,sheet2!A:A,0)),LEVEL_HELPER!B:B,0)),H18),H18))} -> Pre-Intermediate 2 | J18: =IFERROR(MAXIFS(ATTENDANCE_LOG!F:F, ATTENDANCE_LOG!C:C, A18&"", ATTENDANCE_LOG!G:G, "Present"), "") -> 46211.583 | K18: =IF(J18="", "", TODAY() - J18) -> 1.4166667 | L18: =IF(M18="Completed (no continuation)","✅ Completed",IF(M18="Discontinued mid-course","❌ Dropped",IF(AND(ISNUMBER(K18),K18>=30),"⚠ Check",""))) | P18: =IFERROR(__xludf.DUMMYFUNCTION("IFERROR(COUNTUNIQUEIFS(ATTENDANCE_LOG!B:B,ATTENDANCE_LOG!C:C,A18),0)"),3.0) -> 3 | Q18: {=IFERROR(INDEX(ATTENDANCE_LOG!A:A,MATCH(1,(ATTENDANCE_LOG!C:C=A18)*(ATTENDANCE_LOG!F:F=MAXIFS(ATTENDANCE_LOG!F:F,ATTENDANCE_LOG!C:C,A18)),0)),"")} -> EL001 | R18: {=IFERROR(INDEX(ATTENDANCE_LOG!B:B,MATCH(1,(ATTENDANCE_LOG!C:C=A18)*(ATTENDANCE_LOG!F:F=MAXIFS(ATTENDANCE_LOG!F:F,ATTENDANCE_LOG!C:C,A18)),0)),"")} -> Business English | S18: =IFERROR(VLOOKUP(H18, LEVEL_HELPER!A:B, 2, 0), 0) -> 2.5 | T18: =IFERROR(VLOOKUP(I18, LEVEL_HELPER!A:B, 2, 0), 0) -> 3.5 | U18: =IF(S18="",0,IF(S18<=2,1,IF(S18<=4,2,IF(S18<=5.5,3,4)))) -> 2 | V18: =IF(T18="",0,IF(T18<=2,1,IF(T18<=4,2,IF(T18<=5.5,3,4)))) -> 2 | W18: =IF(OR(H18="", H18="Not Placement"), "Not tested yet", IF(V18<U18, "Regressed", IF(V18=U18, IF(T18>S18, "Minor Improvement", "No Progress"), IF(V18-U18=1, "Lv"&U18&"→Lv"&V18, "Lv"&U18&"→Lv"&V18&" (multi)")))) -> Minor Improvement | Y18: 247211 | Z18: Ungroup team | AA18: Team restructuring
A19: 247196 | B19: ĐOÀN TRẦN BÁ ĐẠT | C19: =IFERROR(__xludf.DUMMYFUNCTION("arrayformula(VLOOKUP(to_Text(A19),to_Text(sheet2!$A$1:M1005),13,0))"),"CHORUS") -> CHORUS | D19: =IFERROR(__xludf.DUMMYFUNCTION("arrayformula(VLOOKUP(to_Text(A19),to_Text(sheet2!$A$1:M1005),12,0))"),"DEV") -> DEV | E19: =IF(OR(L19="✅ Completed",L19="❌ Dropped"),"Inactive",IF(M19="Waiting for class","Waiting for class","Active")) -> Inactive | F19: {=IFERROR( INDEX(ATTENDANCE_INPUT!D:D, MATCH(1, (ATTENDANCE_INPUT!A:A=A19) * (ATTENDANCE_INPUT!W:W=MAXIFS(ATTENDANCE_INPUT!W:W, ATTENDANCE_INPUT!A:A, A19)), 0)), "")} -> Buu Do 1 | G19: {=IFERROR( INDEX(ATTENDANCE_INPUT!E:E, MATCH(1, (ATTENDANCE_INPUT!A:A=A19) * (ATTENDANCE_INPUT!W:W=MAXIFS(ATTENDANCE_INPUT!W:W, ATTENDANCE_INPUT!A:A, A19)), 0)), "")} -> Communication 1 | H19: {=IF(ISNA(MATCH(A19,sheet2!A:A,0)),"⏳ Chưa test",IFERROR(INDEX(LEVEL_HELPER!A:A,MATCH(INDEX(sheet2!N:N,MATCH(A19,sheet2!A:A,0)),LEVEL_HELPER!B:B,0)),"⏳ Chưa test"))} -> Beginner | I19: {=IF(ISNA(MATCH(A19,sheet2!A:A,0)),H19,IF(INDEX(sheet2!O:O,MATCH(A19,sheet2!A:A,0))>0,IFERROR(INDEX(LEVEL_HELPER!A:A,MATCH(INDEX(sheet2!O:O,MATCH(A19,sheet2!A:A,0)),LEVEL_HELPER!B:B,0)),H19),H19))} -> Intermediate | J19: =IFERROR(MAXIFS(ATTENDANCE_LOG!F:F, ATTENDANCE_LOG!C:C, A19&"", ATTENDANCE_LOG!G:G, "Present"), "") -> 45954.375 | K19: =IF(J19="", "", TODAY() - J19) -> 258.625 | L19: =IF(M19="Completed (no continuation)","✅ Completed",IF(M19="Discontinued mid-course","❌ Dropped",IF(AND(ISNUMBER(K19),K19>=30),"⚠ Check",""))) -> ✅ Completed | M19: Completed (no continuation) | N19: High workload | P19: =IFERROR(__xludf.DUMMYFUNCTION("IFERROR(COUNTUNIQUEIFS(ATTENDANCE_LOG!B:B,ATTENDANCE_LOG!C:C,A19),0)"),1.0) -> 1 | Q19: {=IFERROR(INDEX(ATTENDANCE_LOG!A:A,MATCH(1,(ATTENDANCE_LOG!C:C=A19)*(ATTENDANCE_LOG!F:F=MAXIFS(ATTENDANCE_LOG!F:F,ATTENDANCE_LOG!C:C,A19)),0)),"")} -> EL002 | R19: {=IFERROR(INDEX(ATTENDANCE_LOG!B:B,MATCH(1,(ATTENDANCE_LOG!C:C=A19)*(ATTENDANCE_LOG!F:F=MAXIFS(ATTENDANCE_LOG!F:F,ATTENDANCE_LOG!C:C,A19)),0)),"")} -> Communication 1 | S19: =IFERROR(VLOOKUP(H19, LEVEL_HELPER!A:B, 2, 0), 0) -> 1 | T19: =IFERROR(VLOOKUP(I19, LEVEL_HELPER!A:B, 2, 0), 0) -> 4.5 | U19: =IF(S19="",0,IF(S19<=2,1,IF(S19<=4,2,IF(S19<=5.5,3,4)))) -> 1 | V19: =IF(T19="",0,IF(T19<=2,1,IF(T19<=4,2,IF(T19<=5.5,3,4)))) -> 3 | W19: =IF(OR(H19="", H19="Not Placement"), "Not tested yet", IF(V19<U19, "Regressed", IF(V19=U19, IF(T19>S19, "Minor Improvement", "No Progress"), IF(V19-U19=1, "Lv"&U19&"→Lv"&V19, "Lv"&U19&"→Lv"&V19&" (multi)")))) -> Lv1→Lv3 (multi) | Y19: 247141 | Z19: Ungroup team | AA19: Team restructuring
A20: 247200 | B20: NGÔ TRỌNG NGHĨA | C20: =IFERROR(__xludf.DUMMYFUNCTION("arrayformula(VLOOKUP(to_Text(A20),to_Text(sheet2!$A$1:M1005),13,0))"),"CHORUS") -> CHORUS | D20: =IFERROR(__xludf.DUMMYFUNCTION("arrayformula(VLOOKUP(to_Text(A20),to_Text(sheet2!$A$1:M1005),12,0))"),"DEV") -> DEV | E20: =IF(OR(L20="✅ Completed",L20="❌ Dropped"),"Inactive",IF(M20="Waiting for class","Waiting for class","Active")) -> Inactive | F20: {=IFERROR( INDEX(ATTENDANCE_INPUT!D:D, MATCH(1, (ATTENDANCE_INPUT!A:A=A20) * (ATTENDANCE_INPUT!W:W=MAXIFS(ATTENDANCE_INPUT!W:W, ATTENDANCE_INPUT!A:A, A20)), 0)), "")} -> Buu Do 1 | G20: {=IFERROR( INDEX(ATTENDANCE_INPUT!E:E, MATCH(1, (ATTENDANCE_INPUT!A:A=A20) * (ATTENDANCE_INPUT!W:W=MAXIFS(ATTENDANCE_INPUT!W:W, ATTENDANCE_INPUT!A:A, A20)), 0)), "")} -> Communication 1 | H20: {=IF(ISNA(MATCH(A20,sheet2!A:A,0)),"⏳ Chưa test",IFERROR(INDEX(LEVEL_HELPER!A:A,MATCH(INDEX(sheet2!N:N,MATCH(A20,sheet2!A:A,0)),LEVEL_HELPER!B:B,0)),"⏳ Chưa test"))} -> Beginner | I20: {=IF(ISNA(MATCH(A20,sheet2!A:A,0)),H20,IF(INDEX(sheet2!O:O,MATCH(A20,sheet2!A:A,0))>0,IFERROR(INDEX(LEVEL_HELPER!A:A,MATCH(INDEX(sheet2!O:O,MATCH(A20,sheet2!A:A,0)),LEVEL_HELPER!B:B,0)),H20),H20))} -> Pre-Intermediate 1 | J20: =IFERROR(MAXIFS(ATTENDANCE_LOG!F:F, ATTENDANCE_LOG!C:C, A20&"", ATTENDANCE_LOG!G:G, "Present"), "") -> 45954.375 | K20: =IF(J20="", "", TODAY() - J20) -> 258.625 | L20: =IF(M20="Completed (no continuation)","✅ Completed",IF(M20="Discontinued mid-course","❌ Dropped",IF(AND(ISNUMBER(K20),K20>=30),"⚠ Check",""))) -> ✅ Completed | M20: Completed (no continuation) | N20: High workload | P20: =IFERROR(__xludf.DUMMYFUNCTION("IFERROR(COUNTUNIQUEIFS(ATTENDANCE_LOG!B:B,ATTENDANCE_LOG!C:C,A20),0)"),1.0) -> 1 | Q20: {=IFERROR(INDEX(ATTENDANCE_LOG!A:A,MATCH(1,(ATTENDANCE_LOG!C:C=A20)*(ATTENDANCE_LOG!F:F=MAXIFS(ATTENDANCE_LOG!F:F,ATTENDANCE_LOG!C:C,A20)),0)),"")} -> EL002 | R20: {=IFERROR(INDEX(ATTENDANCE_LOG!B:B,MATCH(1,(ATTENDANCE_LOG!C:C=A20)*(ATTENDANCE_LOG!F:F=MAXIFS(ATTENDANCE_LOG!F:F,ATTENDANCE_LOG!C:C,A20)),0)),"")} -> Communication 1 | S20: =IFERROR(VLOOKUP(H20, LEVEL_HELPER!A:B, 2, 0), 0) -> 1 | T20: =IFERROR(VLOOKUP(I20, LEVEL_HELPER!A:B, 2, 0), 0) -> 3 | U20: =IF(S20="",0,IF(S20<=2,1,IF(S20<=4,2,IF(S20<=5.5,3,4)))) -> 1 | V20: =IF(T20="",0,IF(T20<=2,1,IF(T20<=4,2,IF(T20<=5.5,3,4)))) -> 2 | W20: =IF(OR(H20="", H20="Not Placement"), "Not tested yet", IF(V20<U20, "Regressed", IF(V20=U20, IF(T20>S20, "Minor Improvement", "No Progress"), IF(V20-U20=1, "Lv"&U20&"→Lv"&V20, "Lv"&U20&"→Lv"&V20&" (multi)")))) -> Lv1→Lv2 | Y20: 247173 | Z20: Ungroup team | AA20: Team restructuring
A21: 247156 | B21: NGUYỄN VĂN HOÀNG | C21: =IFERROR(__xludf.DUMMYFUNCTION("arrayformula(VLOOKUP(to_Text(A21),to_Text(sheet2!$A$1:M1005),13,0))"),"CHORUS") -> CHORUS | D21: =IFERROR(__xludf.DUMMYFUNCTION("arrayformula(VLOOKUP(to_Text(A21),to_Text(sheet2!$A$1:M1005),12,0))"),"TA") -> TA | E21: =IF(OR(L21="✅ Completed",L21="❌ Dropped"),"Inactive",IF(M21="Waiting for class","Waiting for class","Active")) -> Inactive | F21: {=IFERROR( INDEX(ATTENDANCE_INPUT!D:D, MATCH(1, (ATTENDANCE_INPUT!A:A=A21) * (ATTENDANCE_INPUT!W:W=MAXIFS(ATTENDANCE_INPUT!W:W, ATTENDANCE_INPUT!A:A, A21)), 0)), "")} -> Buu Do 1 | G21: {=IFERROR( INDEX(ATTENDANCE_INPUT!E:E, MATCH(1, (ATTENDANCE_INPUT!A:A=A21) * (ATTENDANCE_INPUT!W:W=MAXIFS(ATTENDANCE_INPUT!W:W, ATTENDANCE_INPUT!A:A, A21)), 0)), "")} -> Communication 1 | H21: {=IF(ISNA(MATCH(A21,sheet2!A:A,0)),"⏳ Chưa test",IFERROR(INDEX(LEVEL_HELPER!A:A,MATCH(INDEX(sheet2!N:N,MATCH(A21,sheet2!A:A,0)),LEVEL_HELPER!B:B,0)),"⏳ Chưa test"))} -> Beginner | I21: {=IF(ISNA(MATCH(A21,sheet2!A:A,0)),H21,IF(INDEX(sheet2!O:O,MATCH(A21,sheet2!A:A,0))>0,IFERROR(INDEX(LEVEL_HELPER!A:A,MATCH(INDEX(sheet2!O:O,MATCH(A21,sheet2!A:A,0)),LEVEL_HELPER!B:B,0)),H21),H21))} -> Beginner | J21: =IFERROR(MAXIFS(ATTENDANCE_LOG!F:F, ATTENDANCE_LOG!C:C, A21&"", ATTENDANCE_LOG!G:G, "Present"), "") -> 45827.583 | K21: =IF(J21="", "", TODAY() - J21) -> 385.41667 | L21: =IF(M21="Completed (no continuation)","✅ Completed",IF(M21="Discontinued mid-course","❌ Dropped",IF(AND(ISNUMBER(K21),K21>=30),"⚠ Check",""))) -> ✅ Completed | M21: Completed (no continuation) | N21: High workload | P21: =IFERROR(__xludf.DUMMYFUNCTION("IFERROR(COUNTUNIQUEIFS(ATTENDANCE_LOG!B:B,ATTENDANCE_LOG!C:C,A21),0)"),1.0) -> 1 | Q21: {=IFERROR(INDEX(ATTENDANCE_LOG!A:A,MATCH(1,(ATTENDANCE_LOG!C:C=A21)*(ATTENDANCE_LOG!F:F=MAXIFS(ATTENDANCE_LOG!F:F,ATTENDANCE_LOG!C:C,A21)),0)),"")} -> EL002 | R21: {=IFERROR(INDEX(ATTENDANCE_LOG!B:B,MATCH(1,(ATTENDANCE_LOG!C:C=A21)*(ATTENDANCE_LOG!F:F=MAXIFS(ATTENDANCE_LOG!F:F,ATTENDANCE_LOG!C:C,A21)),0)),"")} -> Communication 1 | S21: =IFERROR(VLOOKUP(H21, LEVEL_HELPER!A:B, 2, 0), 0) -> 1 | T21: =IFERROR(VLOOKUP(I21, LEVEL_HELPER!A:B, 2, 0), 0) -> 1 | U21: =IF(S21="",0,IF(S21<=2,1,IF(S21<=4,2,IF(S21<=5.5,3,4)))) -> 1 | V21: =IF(T21="",0,IF(T21<=2,1,IF(T21<=4,2,IF(T21<=5.5,3,4)))) -> 1 | W21: =IF(OR(H21="", H21="Not Placement"), "Not tested yet", IF(V21<U21, "Regressed", IF(V21=U21, IF(T21>S21, "Minor Improvement", "No Progress"), IF(V21-U21=1, "Lv"&U21&"→Lv"&V21, "Lv"&U21&"→Lv"&V21&" (multi)")))) -> No Progress | Y21: 213885 | Z21: Ungroup team | AA21: Team restructuring
A22: 247192 | B22: TRẦN ĐỨC LỢI | C22: =IFERROR(__xludf.DUMMYFUNCTION("arrayformula(VLOOKUP(to_Text(A22),to_Text(sheet2!$A$1:M1005),13,0))"),"LBU") -> LBU | D22: =IFERROR(__xludf.DUMMYFUNCTION("arrayformula(VLOOKUP(to_Text(A22),to_Text(sheet2!$A$1:M1005),12,0))"),"DEV") -> DEV | E22: =IF(OR(L22="✅ Completed",L22="❌ Dropped"),"Inactive",IF(M22="Waiting for class","Waiting for class","Active")) -> Inactive | F22: {=IFERROR( INDEX(ATTENDANCE_INPUT!D:D, MATCH(1, (ATTENDANCE_INPUT!A:A=A22) * (ATTENDANCE_INPUT!W:W=MAXIFS(ATTENDANCE_INPUT!W:W, ATTENDANCE_INPUT!A:A, A22)), 0)), "")} -> Buu Do 1 | G22: {=IFERROR( INDEX(ATTENDANCE_INPUT!E:E, MATCH(1, (ATTENDANCE_INPUT!A:A=A22) * (ATTENDANCE_INPUT!W:W=MAXIFS(ATTENDANCE_INPUT!W:W, ATTENDANCE_INPUT!A:A, A22)), 0)), "")} -> Communication 1 | H22: {=IF(ISNA(MATCH(A22,sheet2!A:A,0)),"⏳ Chưa test",IFERROR(INDEX(LEVEL_HELPER!A:A,MATCH(INDEX(sheet2!N:N,MATCH(A22,sheet2!A:A,0)),LEVEL_HELPER!B:B,0)),"⏳ Chưa test"))} -> Beginner | I22: {=IF(ISNA(MATCH(A22,sheet2!A:A,0)),H22,IF(INDEX(sheet2!O:O,MATCH(A22,sheet2!A:A,0))>0,IFERROR(INDEX(LEVEL_HELPER!A:A,MATCH(INDEX(sheet2!O:O,MATCH(A22,sheet2!A:A,0)),LEVEL_HELPER!B:B,0)),H22),H22))} -> Beginner | J22: =IFERROR(MAXIFS(ATTENDANCE_LOG!F:F, ATTENDANCE_LOG!C:C, A22&"", ATTENDANCE_LOG!G:G, "Present"), "") -> 45827.583 | K22: =IF(J22="", "", TODAY() - J22) -> 385.41667 | L22: =IF(M22="Completed (no continuation)","✅ Completed",IF(M22="Discontinued mid-course","❌ Dropped",IF(AND(ISNUMBER(K22),K22>=30),"⚠ Check",""))) -> ✅ Completed | M22: Completed (no continuation) | N22: High workload | P22: =IFERROR(__xludf.DUMMYFUNCTION("IFERROR(COUNTUNIQUEIFS(ATTENDANCE_LOG!B:B,ATTENDANCE_LOG!C:C,A22),0)"),1.0) -> 1 | Q22: {=IFERROR(INDEX(ATTENDANCE_LOG!A:A,MATCH(1,(ATTENDANCE_LOG!C:C=A22)*(ATTENDANCE_LOG!F:F=MAXIFS(ATTENDANCE_LOG!F:F,ATTENDANCE_LOG!C:C,A22)),0)),"")} -> EL002 | R22: {=IFERROR(INDEX(ATTENDANCE_LOG!B:B,MATCH(1,(ATTENDANCE_LOG!C:C=A22)*(ATTENDANCE_LOG!F:F=MAXIFS(ATTENDANCE_LOG!F:F,ATTENDANCE_LOG!C:C,A22)),0)),"")} -> Communication 1 | S22: =IFERROR(VLOOKUP(H22, LEVEL_HELPER!A:B, 2, 0), 0) -> 1 | T22: =IFERROR(VLOOKUP(I22, LEVEL_HELPER!A:B, 2, 0), 0) -> 1 | U22: =IF(S22="",0,IF(S22<=2,1,IF(S22<=4,2,IF(S22<=5.5,3,4)))) -> 1 | V22: =IF(T22="",0,IF(T22<=2,1,IF(T22<=4,2,IF(T22<=5.5,3,4)))) -> 1 | W22: =IF(OR(H22="", H22="Not Placement"), "Not tested yet", IF(V22<U22, "Regressed", IF(V22=U22, IF(T22>S22, "Minor Improvement", "No Progress"), IF(V22-U22=1, "Lv"&U22&"→Lv"&V22, "Lv"&U22&"→Lv"&V22&" (multi)")))) -> No Progress | Y22: 247366 | Z22: Ungroup team | AA22: Team restructuring
A23: 247195 | B23: TRƯƠNG ĐĂNG QUANG | C23: =IFERROR(__xludf.DUMMYFUNCTION("arrayformula(VLOOKUP(to_Text(A23),to_Text(sheet2!$A$1:M1005),13,0))"),"CHORUS") -> CHORUS | D23: =IFERROR(__xludf.DUMMYFUNCTION("arrayformula(VLOOKUP(to_Text(A23),to_Text(sheet2!$A$1:M1005),12,0))"),"DEV") -> DEV | E23: =IF(OR(L23="✅ Completed",L23="❌ Dropped"),"Inactive",IF(M23="Waiting for class","Waiting for class","Active")) -> Inactive | F23: {=IFERROR( INDEX(ATTENDANCE_INPUT!D:D, MATCH(1, (ATTENDANCE_INPUT!A:A=A23) * (ATTENDANCE_INPUT!W:W=MAXIFS(ATTENDANCE_INPUT!W:W, ATTENDANCE_INPUT!A:A, A23)), 0)), "")} -> Buu Do 1 | G23: {=IFERROR( INDEX(ATTENDANCE_INPUT!E:E, MATCH(1, (ATTENDANCE_INPUT!A:A=A23) * (ATTENDANCE_INPUT!W:W=MAXIFS(ATTENDANCE_INPUT!W:W, ATTENDANCE_INPUT!A:A, A23)), 0)), "")} -> Communication 1 | H23: {=IF(ISNA(MATCH(A23,sheet2!A:A,0)),"⏳ Chưa test",IFERROR(INDEX(LEVEL_HELPER!A:A,MATCH(INDEX(sheet2!N:N,MATCH(A23,sheet2!A:A,0)),LEVEL_HELPER!B:B,0)),"⏳ Chưa test"))} -> Beginner | I23: {=IF(ISNA(MATCH(A23,sheet2!A:A,0)),H23,IF(INDEX(sheet2!O:O,MATCH(A23,sheet2!A:A,0))>0,IFERROR(INDEX(LEVEL_HELPER!A:A,MATCH(INDEX(sheet2!O:O,MATCH(A23,sheet2!A:A,0)),LEVEL_HELPER!B:B,0)),H23),H23))} -> Pre-Intermediate 1 | J23: =IFERROR(MAXIFS(ATTENDANCE_LOG!F:F, ATTENDANCE_LOG!C:C, A23&"", ATTENDANCE_LOG!G:G, "Present"), "") -> 45954.375 | K23: =IF(J23="", "", TODAY() - J23) -> 258.625 | L23: =IF(M23="Completed (no continuation)","✅ Completed",IF(M23="Discontinued mid-course","❌ Dropped",IF(AND(ISNUMBER(K23),K23>=30),"⚠ Check",""))) -> ✅ Completed | M23: Completed (no continuation) | N23: High workload | P23: =IFERROR(__xludf.DUMMYFUNCTION("IFERROR(COUNTUNIQUEIFS(ATTENDANCE_LOG!B:B,ATTENDANCE_LOG!C:C,A23),0)"),1.0) -> 1 | Q23: {=IFERROR(INDEX(ATTENDANCE_LOG!A:A,MATCH(1,(ATTENDANCE_LOG!C:C=A23)*(ATTENDANCE_LOG!F:F=MAXIFS(ATTENDANCE_LOG!F:F,ATTENDANCE_LOG!C:C,A23)),0)),"")} -> EL002 | R23: {=IFERROR(INDEX(ATTENDANCE_LOG!B:B,MATCH(1,(ATTENDANCE_LOG!C:C=A23)*(ATTENDANCE_LOG!F:F=MAXIFS(ATTENDANCE_LOG!F:F,ATTENDANCE_LOG!C:C,A23)),0)),"")} -> Communication 1 | S23: =IFERROR(VLOOKUP(H23, LEVEL_HELPER!A:B, 2, 0), 0) -> 1 | T23: =IFERROR(VLOOKUP(I23, LEVEL_HELPER!A:B, 2, 0), 0) -> 3 | U23: =IF(S23="",0,IF(S23<=2,1,IF(S23<=4,2,IF(S23<=5.5,3,4)))) -> 1 | V23: =IF(T23="",0,IF(T23<=2,1,IF(T23<=4,2,IF(T23<=5.5,3,4)))) -> 2 | W23: =IF(OR(H23="", H23="Not Placement"), "Not tested yet", IF(V23<U23, "Regressed", IF(V23=U23, IF(T23>S23, "Minor Improvement", "No Progress"), IF(V23-U23=1, "Lv"&U23&"→Lv"&V23, "Lv"&U23&"→Lv"&V23&" (multi)")))) -> Lv1→Lv2 | Y23: 183411 | Z23: Ungroup team | AA23: Team restructuring
A24: 193547 | B24: VĂN TÂN LỢI | C24: =IFERROR(__xludf.DUMMYFUNCTION("arrayformula(VLOOKUP(to_Text(A24),to_Text(sheet2!$A$1:M1005),13,0))"),"CHORUS") -> CHORUS | D24: =IFERROR(__xludf.DUMMYFUNCTION("arrayformula(VLOOKUP(to_Text(A24),to_Text(sheet2!$A$1:M1005),12,0))"),"DEV") -> DEV | E24: =IF(OR(L24="✅ Completed",L24="❌ Dropped"),"Inactive",IF(M24="Waiting for class","Waiting for class","Active")) -> Inactive | F24: {=IFERROR( INDEX(ATTENDANCE_INPUT!D:D, MATCH(1, (ATTENDANCE_INPUT!A:A=A24) * (ATTENDANCE_INPUT!W:W=MAXIFS(ATTENDANCE_INPUT!W:W, ATTENDANCE_INPUT!A:A, A24)), 0)), "")} -> Buu Do 1 | G24: {=IFERROR( INDEX(ATTENDANCE_INPUT!E:E, MATCH(1, (ATTENDANCE_INPUT!A:A=A24) * (ATTENDANCE_INPUT!W:W=MAXIFS(ATTENDANCE_INPUT!W:W, ATTENDANCE_INPUT!A:A, A24)), 0)), "")} -> Communication 1 | H24: {=IF(ISNA(MATCH(A24,sheet2!A:A,0)),"⏳ Chưa test",IFERROR(INDEX(LEVEL_HELPER!A:A,MATCH(INDEX(sheet2!N:N,MATCH(A24,sheet2!A:A,0)),LEVEL_HELPER!B:B,0)),"⏳ Chưa test"))} -> Beginner | I24: {=IF(ISNA(MATCH(A24,sheet2!A:A,0)),H24,IF(INDEX(sheet2!O:O,MATCH(A24,sheet2!A:A,0))>0,IFERROR(INDEX(LEVEL_HELPER!A:A,MATCH(INDEX(sheet2!O:O,MATCH(A24,sheet2!A:A,0)),LEVEL_HELPER!B:B,0)),H24),H24))} -> Pre-Intermediate 1 | J24: =IFERROR(MAXIFS(ATTENDANCE_LOG!F:F, ATTENDANCE_LOG!C:C, A24&"", ATTENDANCE_LOG!G:G, "Present"), "") -> 45954.375 | K24: =IF(J24="", "", TODAY() - J24) -> 258.625 | L24: =IF(M24="Completed (no continuation)","✅ Completed",IF(M24="Discontinued mid-course","❌ Dropped",IF(AND(ISNUMBER(K24),K24>=30),"⚠ Check",""))) -> ✅ Completed | M24: Completed (no continuation) | N24: High workload | P24: =IFERROR(__xludf.DUMMYFUNCTION("IFERROR(COUNTUNIQUEIFS(ATTENDANCE_LOG!B:B,ATTENDANCE_LOG!C:C,A24),0)"),1.0) -> 1 | Q24: {=IFERROR(INDEX(ATTENDANCE_LOG!A:A,MATCH(1,(ATTENDANCE_LOG!C:C=A24)*(ATTENDANCE_LOG!F:F=MAXIFS(ATTENDANCE_LOG!F:F,ATTENDANCE_LOG!C:C,A24)),0)),"")} -> EL002 | R24: {=IFERROR(INDEX(ATTENDANCE_LOG!B:B,MATCH(1,(ATTENDANCE_LOG!C:C=A24)*(ATTENDANCE_LOG!F:F=MAXIFS(ATTENDANCE_LOG!F:F,ATTENDANCE_LOG!C:C,A24)),0)),"")} -> Communication 1 | S24: =IFERROR(VLOOKUP(H24, LEVEL_HELPER!A:B, 2, 0), 0) -> 1 | T24: =IFERROR(VLOOKUP(I24, LEVEL_HELPER!A:B, 2, 0), 0) -> 3 | U24: =IF(S24="",0,IF(S24<=2,1,IF(S24<=4,2,IF(S24<=5.5,3,4)))) -> 1 | V24: =IF(T24="",0,IF(T24<=2,1,IF(T24<=4,2,IF(T24<=5.5,3,4)))) -> 2 | W24: =IF(OR(H24="", H24="Not Placement"), "Not tested yet", IF(V24<U24, "Regressed", IF(V24=U24, IF(T24>S24, "Minor Improvement", "No Progress"), IF(V24-U24=1, "Lv"&U24&"→Lv"&V24, "Lv"&U24&"→Lv"&V24&" (multi)")))) -> Lv1→Lv2 | Y24: 237259 | Z24: Left | AA24: Resgined
A25: 247199 | B25: VÕ PHÚ PHÁT | C25: =IFERROR(__xludf.DUMMYFUNCTION("arrayformula(VLOOKUP(to_Text(A25),to_Text(sheet2!$A$1:M1005),13,0))"),"CHORUS") -> CHORUS | D25: =IFERROR(__xludf.DUMMYFUNCTION("arrayformula(VLOOKUP(to_Text(A25),to_Text(sheet2!$A$1:M1005),12,0))"),"DEV") -> DEV | E25: =IF(OR(L25="✅ Completed",L25="❌ Dropped"),"Inactive",IF(M25="Waiting for class","Waiting for class","Active")) -> Inactive | F25: {=IFERROR( INDEX(ATTENDANCE_INPUT!D:D, MATCH(1, (ATTENDANCE_INPUT!A:A=A25) * (ATTENDANCE_INPUT!W:W=MAXIFS(ATTENDANCE_INPUT!W:W, ATTENDANCE_INPUT!A:A, A25)), 0)), "")} -> Buu Do 1 | G25: {=IFERROR( INDEX(ATTENDANCE_INPUT!E:E, MATCH(1, (ATTENDANCE_INPUT!A:A=A25) * (ATTENDANCE_INPUT!W:W=MAXIFS(ATTENDANCE_INPUT!W:W, ATTENDANCE_INPUT!A:A, A25)), 0)), "")} -> Communication 1 | H25: {=IF(ISNA(MATCH(A25,sheet2!A:A,0)),"⏳ Chưa test",IFERROR(INDEX(LEVEL_HELPER!A:A,MATCH(INDEX(sheet2!N:N,MATCH(A25,sheet2!A:A,0)),LEVEL_HELPER!B:B,0)),"⏳ Chưa test"))} -> Beginner | I25: {=IF(ISNA(MATCH(A25,sheet2!A:A,0)),H25,IF(INDEX(sheet2!O:O,MATCH(A25,sheet2!A:A,0))>0,IFERROR(INDEX(LEVEL_HELPER!A:A,MATCH(INDEX(sheet2!O:O,MATCH(A25,sheet2!A:A,0)),LEVEL_HELPER!B:B,0)),H25),H25))} -> Pre-Intermediate 2 | J25: =IFERROR(MAXIFS(ATTENDANCE_LOG!F:F, ATTENDANCE_LOG!C:C, A25&"", ATTENDANCE_LOG!G:G, "Present"), "") -> 45954.375 | K25: =IF(J25="", "", TODAY() - J25) -> 258.625 | L25: =IF(M25="Completed (no continuation)","✅ Completed",IF(M25="Discontinued mid-course","❌ Dropped",IF(AND(ISNUMBER(K25),K25>=30),"⚠ Check",""))) -> ✅ Completed | M25: Completed (no continuation) | N25: High workload | P25: =IFERROR(__xludf.DUMMYFUNCTION("IFERROR(COUNTUNIQUEIFS(ATTENDANCE_LOG!B:B,ATTENDANCE_LOG!C:C,A25),0)"),1.0) -> 1 | Q25: {=IFERROR(INDEX(ATTENDANCE_LOG!A:A,MATCH(1,(ATTENDANCE_LOG!C:C=A25)*(ATTENDANCE_LOG!F:F=MAXIFS(ATTENDANCE_LOG!F:F,ATTENDANCE_LOG!C:C,A25)),0)),"")} -> EL002 | R25: {=IFERROR(INDEX(ATTENDANCE_LOG!B:B,MATCH(1,(ATTENDANCE_LOG!C:C=A25)*(ATTENDANCE_LOG!F:F=MAXIFS(ATTENDANCE_LOG!F:F,ATTENDANCE_LOG!C:C,A25)),0)),"")} -> Communication 1 | S25: =IFERROR(VLOOKUP(H25, LEVEL_HELPER!A:B, 2, 0), 0) -> 1 | T25: =IFERROR(VLOOKUP(I25, LEVEL_HELPER!A:B, 2, 0), 0) -> 3.5 | U25: =IF(S25="",0,IF(S25<=2,1,IF(S25<=4,2,IF(S25<=5.5,3,4)))) -> 1 | V25: =IF(T25="",0,IF(T25<=2,1,IF(T25<=4,2,IF(T25<=5.5,3,4)))) -> 2 | W25: =IF(OR(H25="", H25="Not Placement"), "Not tested yet", IF(V25<U25, "Regressed", IF(V25=U25, IF(T25>S25, "Minor Improvement", "No Progress"), IF(V25-U25=1, "Lv"&U25&"→Lv"&V25, "Lv"&U25&"→Lv"&V25&" (multi)")))) -> Lv1→Lv2 | Y25: 247164 | Z25: High workload / Can't arrange time | AA25: High workload
A26: 247300 | B26: ĐỖ CHÂU BỬU | C26: =IFERROR(__xludf.DUMMYFUNCTION("arrayformula(VLOOKUP(to_Text(A26),to_Text(sheet2!$A$1:M1005),13,0))"),"CHORUS") -> CHORUS | D26: =IFERROR(__xludf.DUMMYFUNCTION("arrayformula(VLOOKUP(to_Text(A26),to_Text(sheet2!$A$1:M1005),12,0))"),"SM") -> SM | E26: =IF(OR(L26="✅ Completed",L26="❌ Dropped"),"Inactive",IF(M26="Waiting for class","Waiting for class","Active")) -> Inactive | F26: {=IFERROR( INDEX(ATTENDANCE_INPUT!D:D, MATCH(1, (ATTENDANCE_INPUT!A:A=A26) * (ATTENDANCE_INPUT!W:W=MAXIFS(ATTENDANCE_INPUT!W:W, ATTENDANCE_INPUT!A:A, A26)), 0)), "")} -> Buu Do 1 | G26: {=IFERROR( INDEX(ATTENDANCE_INPUT!E:E, MATCH(1, (ATTENDANCE_INPUT!A:A=A26) * (ATTENDANCE_INPUT!W:W=MAXIFS(ATTENDANCE_INPUT!W:W, ATTENDANCE_INPUT!A:A, A26)), 0)), "")} -> Communication 1 | H26: {=IF(ISNA(MATCH(A26,sheet2!A:A,0)),"⏳ Chưa test",IFERROR(INDEX(LEVEL_HELPER!A:A,MATCH(INDEX(sheet2!N:N,MATCH(A26,sheet2!A:A,0)),LEVEL_HELPER!B:B,0)),"⏳ Chưa test"))} -> Pre-Intermediate | I26: {=IF(ISNA(MATCH(A26,sheet2!A:A,0)),H26,IF(INDEX(sheet2!O:O,MATCH(A26,sheet2!A:A,0))>0,IFERROR(INDEX(LEVEL_HELPER!A:A,MATCH(INDEX(sheet2!O:O,MATCH(A26,sheet2!A:A,0)),LEVEL_HELPER!B:B,0)),H26),H26))} -> Pre-Intermediate | J26: =IFERROR(MAXIFS(ATTENDANCE_LOG!F:F, ATTENDANCE_LOG!C:C, A26&"", ATTENDANCE_LOG!G:G, "Present"), "") -> 45800.542 | K26: =IF(J26="", "", TODAY() - J26) -> 412.45833 | L26: =IF(M26="Completed (no continuation)","✅ Completed",IF(M26="Discontinued mid-course","❌ Dropped",IF(AND(ISNUMBER(K26),K26>=30),"⚠ Check",""))) -> ❌ Dropped | M26: Discontinued mid-course | N26: High workload | P26: =IFERROR(__xludf.DUMMYFUNCTION("IFERROR(COUNTUNIQUEIFS(ATTENDANCE_LOG!B:B,ATTENDANCE_LOG!C:C,A26),0)"),1.0) -> 1 | Q26: {=IFERROR(INDEX(ATTENDANCE_LOG!A:A,MATCH(1,(ATTENDANCE_LOG!C:C=A26)*(ATTENDANCE_LOG!F:F=MAXIFS(ATTENDANCE_LOG!F:F,ATTENDANCE_LOG!C:C,A26)),0)),"")} -> EL002 | R26: {=IFERROR(INDEX(ATTENDANCE_LOG!B:B,MATCH(1,(ATTENDANCE_LOG!C:C=A26)*(ATTENDANCE_LOG!F:F=MAXIFS(ATTENDANCE_LOG!F:F,ATTENDANCE_LOG!C:C,A26)),0)),"")} -> Communication 1 | S26: =IFERROR(VLOOKUP(H26, LEVEL_HELPER!A:B, 2, 0), 0) -> 2.5 | T26: =IFERROR(VLOOKUP(I26, LEVEL_HELPER!A:B, 2, 0), 0) -> 2.5 | U26: =IF(S26="",0,IF(S26<=2,1,IF(S26<=4,2,IF(S26<=5.5,3,4)))) -> 2 | V26: =IF(T26="",0,IF(T26<=2,1,IF(T26<=4,2,IF(T26<=5.5,3,4)))) -> 2 | W26: =IF(OR(H26="", H26="Not Placement"), "Not tested yet", IF(V26<U26, "Regressed", IF(V26=U26, IF(T26>S26, "Minor Improvement", "No Progress"), IF(V26-U26=1, "Lv"&U26&"→Lv"&V26, "Lv"&U26&"→Lv"&V26&" (multi)")))) -> No Progress | Y26: 247115 | Z26: Ungroup team | AA26: Team restructuring
A27: 247264 | B27: NGUYỄN NGỌC NGUYỆT NGÂN | C27: =IFERROR(__xludf.DUMMYFUNCTION("arrayformula(VLOOKUP(to_Text(A27),to_Text(sheet2!$A$1:M1005),13,0))"),"CHORUS") -> CHORUS | D27: =IFERROR(__xludf.DUMMYFUNCTION("arrayformula(VLOOKUP(to_Text(A27),to_Text(sheet2!$A$1:M1005),12,0))"),"QC") -> QC | E27: =IF(OR(L27="✅ Completed",L27="❌ Dropped"),"Inactive",IF(M27="Waiting for class","Waiting for class","Active")) -> Inactive | F27: {=IFERROR( INDEX(ATTENDANCE_INPUT!D:D, MATCH(1, (ATTENDANCE_INPUT!A:A=A27) * (ATTENDANCE_INPUT!W:W=MAXIFS(ATTENDANCE_INPUT!W:W, ATTENDANCE_INPUT!A:A, A27)), 0)), "")} -> Buu Do 2 | G27: {=IFERROR( INDEX(ATTENDANCE_INPUT!E:E, MATCH(1, (ATTENDANCE_INPUT!A:A=A27) * (ATTENDANCE_INPUT!W:W=MAXIFS(ATTENDANCE_INPUT!W:W, ATTENDANCE_INPUT!A:A, A27)), 0)), "")} -> Communication 1 | H27: {=IF(ISNA(MATCH(A27,sheet2!A:A,0)),"⏳ Chưa test",IFERROR(INDEX(LEVEL_HELPER!A:A,MATCH(INDEX(sheet2!N:N,MATCH(A27,sheet2!A:A,0)),LEVEL_HELPER!B:B,0)),"⏳ Chưa test"))} -> Beginner | I27: {=IF(ISNA(MATCH(A27,sheet2!A:A,0)),H27,IF(INDEX(sheet2!O:O,MATCH(A27,sheet2!A:A,0))>0,IFERROR(INDEX(LEVEL_HELPER!A:A,MATCH(INDEX(sheet2!O:O,MATCH(A27,sheet2!A:A,0)),LEVEL_HELPER!B:B,0)),H27),H27))} -> Beginner | J27: =IFERROR(MAXIFS(ATTENDANCE_LOG!F:F, ATTENDANCE_LOG!C:C, A27&"", ATTENDANCE_LOG!G:G, "Present"), "") -> 45882.542 | K27: =IF(J27="", "", TODAY() - J27) -> 330.45833 | L27: =IF(M27="Completed (no continuation)","✅ Completed",IF(M27="Discontinued mid-course","❌ Dropped",IF(AND(ISNUMBER(K27),K27>=30),"⚠ Check",""))) -> ❌ Dropped | M27: Discontinued mid-course | N27: High workload | P27: =IFERROR(__xludf.DUMMYFUNCTION("IFERROR(COUNTUNIQUEIFS(ATTENDANCE_LOG!B:B,ATTENDANCE_LOG!C:C,A27),0)"),1.0) -> 1 | Q27: {=IFERROR(INDEX(ATTENDANCE_LOG!A:A,MATCH(1,(ATTENDANCE_LOG!C:C=A27)*(ATTENDANCE_LOG!F:F=MAXIFS(ATTENDANCE_LOG!F:F,ATTENDANCE_LOG!C:C,A27)),0)),"")} -> EL003 | R27: {=IFERROR(INDEX(ATTENDANCE_LOG!B:B,MATCH(1,(ATTENDANCE_LOG!C:C=A27)*(ATTENDANCE_LOG!F:F=MAXIFS(ATTENDANCE_LOG!F:F,ATTENDANCE_LOG!C:C,A27)),0)),"")} -> Communication 1 | S27: =IFERROR(VLOOKUP(H27, LEVEL_HELPER!A:B, 2, 0), 0) -> 1 | T27: =IFERROR(VLOOKUP(I27, LEVEL_HELPER!A:B, 2, 0), 0) -> 1 | U27: =IF(S27="",0,IF(S27<=2,1,IF(S27<=4,2,IF(S27<=5.5,3,4)))) -> 1 | V27: =IF(T27="",0,IF(T27<=2,1,IF(T27<=4,2,IF(T27<=5.5,3,4)))) -> 1 | W27: =IF(OR(H27="", H27="Not Placement"), "Not tested yet", IF(V27<U27, "Regressed", IF(V27=U27, IF(T27>S27, "Minor Improvement", "No Progress"), IF(V27-U27=1, "Lv"&U27&"→Lv"&V27, "Lv"&U27&"→Lv"&V27&" (multi)")))) -> No Progress | Y27: 247251 | Z27: Left | AA27: Resgined
A28: 247360 | B28: PHAN HỮU CƯỜNG | C28: =IFERROR(__xludf.DUMMYFUNCTION("arrayformula(VLOOKUP(to_Text(A28),to_Text(sheet2!$A$1:M1005),13,0))"),"CHORUS") -> CHORUS | D28: =IFERROR(__xludf.DUMMYFUNCTION("arrayformula(VLOOKUP(to_Text(A28),to_Text(sheet2!$A$1:M1005),12,0))"),"QC") -> QC | E28: =IF(OR(L28="✅ Completed",L28="❌ Dropped"),"Inactive",IF(M28="Waiting for class","Waiting for class","Active")) -> Inactive | F28: {=IFERROR( INDEX(ATTENDANCE_INPUT!D:D, MATCH(1, (ATTENDANCE_INPUT!A:A=A28) * (ATTENDANCE_INPUT!W:W=MAXIFS(ATTENDANCE_INPUT!W:W, ATTENDANCE_INPUT!A:A, A28)), 0)), "")} -> Buu Do 2 | G28: {=IFERROR( INDEX(ATTENDANCE_INPUT!E:E, MATCH(1, (ATTENDANCE_INPUT!A:A=A28) * (ATTENDANCE_INPUT!W:W=MAXIFS(ATTENDANCE_INPUT!W:W, ATTENDANCE_INPUT!A:A, A28)), 0)), "")} -> Communication 1 | H28: {=IF(ISNA(MATCH(A28,sheet2!A:A,0)),"⏳ Chưa test",IFERROR(INDEX(LEVEL_HELPER!A:A,MATCH(INDEX(sheet2!N:N,MATCH(A28,sheet2!A:A,0)),LEVEL_HELPER!B:B,0)),"⏳ Chưa test"))} -> Beginner | I28: {=IF(ISNA(MATCH(A28,sheet2!A:A,0)),H28,IF(INDEX(sheet2!O:O,MATCH(A28,sheet2!A:A,0))>0,IFERROR(INDEX(LEVEL_HELPER!A:A,MATCH(INDEX(sheet2!O:O,MATCH(A28,sheet2!A:A,0)),LEVEL_HELPER!B:B,0)),H28),H28))} -> Beginner | J28: =IFERROR(MAXIFS(ATTENDANCE_LOG!F:F, ATTENDANCE_LOG!C:C, A28&"", ATTENDANCE_LOG!G:G, "Present"), "") -> 45882.542 | K28: =IF(J28="", "", TODAY() - J28) -> 330.45833 | L28: =IF(M28="Completed (no continuation)","✅ Completed",IF(M28="Discontinued mid-course","❌ Dropped",IF(AND(ISNUMBER(K28),K28>=30),"⚠ Check",""))) -> ❌ Dropped | M28: Discontinued mid-course | N28: High workload | P28: =IFERROR(__xludf.DUMMYFUNCTION("IFERROR(COUNTUNIQUEIFS(ATTENDANCE_LOG!B:B,ATTENDANCE_LOG!C:C,A28),0)"),1.0) -> 1 | Q28: {=IFERROR(INDEX(ATTENDANCE_LOG!A:A,MATCH(1,(ATTENDANCE_LOG!C:C=A28)*(ATTENDANCE_LOG!F:F=MAXIFS(ATTENDANCE_LOG!F:F,ATTENDANCE_LOG!C:C,A28)),0)),"")} -> EL003 | R28: {=IFERROR(INDEX(ATTENDANCE_LOG!B:B,MATCH(1,(ATTENDANCE_LOG!C:C=A28)*(ATTENDANCE_LOG!F:F=MAXIFS(ATTENDANCE_LOG!F:F,ATTENDANCE_LOG!C:C,A28)),0)),"")} -> Communication 1 | S28: =IFERROR(VLOOKUP(H28, LEVEL_HELPER!A:B, 2, 0), 0) -> 1 | T28: =IFERROR(VLOOKUP(I28, LEVEL_HELPER!A:B, 2, 0), 0) -> 1 | U28: =IF(S28="",0,IF(S28<=2,1,IF(S28<=4,2,IF(S28<=5.5,3,4)))) -> 1 | V28: =IF(T28="",0,IF(T28<=2,1,IF(T28<=4,2,IF(T28<=5.5,3,4)))) -> 1 | W28: =IF(OR(H28="", H28="Not Placement"), "Not tested yet", IF(V28<U28, "Regressed", IF(V28=U28, IF(T28>S28, "Minor Improvement", "No Progress"), IF(V28-U28=1, "Lv"&U28&"→Lv"&V28, "Lv"&U28&"→Lv"&V28&" (multi)")))) -> No Progress | Y28: 247283 | Z28: High workload / Can't arrange time | AA28: High workload
A29: 193479 | B29: BÙI NGỌC QUỐC | C29: =IFERROR(__xludf.DUMMYFUNCTION("arrayformula(VLOOKUP(to_Text(A29),to_Text(sheet2!$A$1:M1005),13,0))"),"ONC") -> ONC | D29: =IFERROR(__xludf.DUMMYFUNCTION("arrayformula(VLOOKUP(to_Text(A29),to_Text(sheet2!$A$1:M1005),12,0))"),"DEV") -> DEV | E29: =IF(OR(L29="✅ Completed",L29="❌ Dropped"),"Inactive",IF(M29="Waiting for class","Waiting for class","Active")) -> Inactive | F29: {=IFERROR( INDEX(ATTENDANCE_INPUT!D:D, MATCH(1, (ATTENDANCE_INPUT!A:A=A29) * (ATTENDANCE_INPUT!W:W=MAXIFS(ATTENDANCE_INPUT!W:W, ATTENDANCE_INPUT!A:A, A29)), 0)), "")} -> Cuong Nguyen | G29: {=IFERROR( INDEX(ATTENDANCE_INPUT!E:E, MATCH(1, (ATTENDANCE_INPUT!A:A=A29) * (ATTENDANCE_INPUT!W:W=MAXIFS(ATTENDANCE_INPUT!W:W, ATTENDANCE_INPUT!A:A, A29)), 0)), "")} -> Communication 2 | H29: {=IF(ISNA(MATCH(A29,sheet2!A:A,0)),"⏳ Chưa test",IFERROR(INDEX(LEVEL_HELPER!A:A,MATCH(INDEX(sheet2!N:N,MATCH(A29,sheet2!A:A,0)),LEVEL_HELPER!B:B,0)),"⏳ Chưa test"))} -> Beginner | I29: {=IF(ISNA(MATCH(A29,sheet2!A:A,0)),H29,IF(INDEX(sheet2!O:O,MATCH(A29,sheet2!A:A,0))>0,IFERROR(INDEX(LEVEL_HELPER!A:A,MATCH(INDEX(sheet2!O:O,MATCH(A29,sheet2!A:A,0)),LEVEL_HELPER!B:B,0)),H29),H29))} -> Pre-Intermediate 2 | J29: =IFERROR(MAXIFS(ATTENDANCE_LOG!F:F, ATTENDANCE_LOG!C:C, A29&"", ATTENDANCE_LOG!G:G, "Present"), "") -> 46084.417 | K29: =IF(J29="", "", TODAY() - J29) -> 128.58333 | L29: =IF(M29="Completed (no continuation)","✅ Completed",IF(M29="Discontinued mid-course","❌ Dropped",IF(AND(ISNUMBER(K29),K29>=30),"⚠ Check",""))) -> ✅ Completed | M29: Completed (no continuation) | N29: Learning goal achieved | P29: =IFERROR(__xludf.DUMMYFUNCTION("IFERROR(COUNTUNIQUEIFS(ATTENDANCE_LOG!B:B,ATTENDANCE_LOG!C:C,A29),0)"),2.0) -> 2 | Q29: {=IFERROR(INDEX(ATTENDANCE_LOG!A:A,MATCH(1,(ATTENDANCE_LOG!C:C=A29)*(ATTENDANCE_LOG!F:F=MAXIFS(ATTENDANCE_LOG!F:F,ATTENDANCE_LOG!C:C,A29)),0)),"")} -> EL004 | R29: {=IFERROR(INDEX(ATTENDANCE_LOG!B:B,MATCH(1,(ATTENDANCE_LOG!C:C=A29)*(ATTENDANCE_LOG!F:F=MAXIFS(ATTENDANCE_LOG!F:F,ATTENDANCE_LOG!C:C,A29)),0)),"")} -> Communication 2 | S29: =IFERROR(VLOOKUP(H29, LEVEL_HELPER!A:B, 2, 0), 0) -> 1 | T29: =IFERROR(VLOOKUP(I29, LEVEL_HELPER!A:B, 2, 0), 0) -> 3.5 | U29: =IF(S29="",0,IF(S29<=2,1,IF(S29<=4,2,IF(S29<=5.5,3,4)))) -> 1 | V29: =IF(T29="",0,IF(T29<=2,1,IF(T29<=4,2,IF(T29<=5.5,3,4)))) -> 2 | W29: =IF(OR(H29="", H29="Not Placement"), "Not tested yet", IF(V29<U29, "Regressed", IF(V29=U29, IF(T29>S29, "Minor Improvement", "No Progress"), IF(V29-U29=1, "Lv"&U29&"→Lv"&V29, "Lv"&U29&"→Lv"&V29&" (multi)")))) -> Lv1→Lv2 | Y29: 247329 | Z29: High workload / Can't arrange time | AA29: High workload
A30: 213811 | B30: ĐẶNG QUỐC MẠNH | C30: =IFERROR(__xludf.DUMMYFUNCTION("arrayformula(VLOOKUP(to_Text(A30),to_Text(sheet2!$A$1:M1005),13,0))"),"ONC") -> ONC | D30: =IFERROR(__xludf.DUMMYFUNCTION("arrayformula(VLOOKUP(to_Text(A30),to_Text(sheet2!$A$1:M1005),12,0))"),"DEV") -> DEV | E30: =IF(OR(L30="✅ Completed",L30="❌ Dropped"),"Inactive",IF(M30="Waiting for class","Waiting for class","Active")) -> Inactive | F30: {=IFERROR( INDEX(ATTENDANCE_INPUT!D:D, MATCH(1, (ATTENDANCE_INPUT!A:A=A30) * (ATTENDANCE_INPUT!W:W=MAXIFS(ATTENDANCE_INPUT!W:W, ATTENDANCE_INPUT!A:A, A30)), 0)), "")} -> Cuong Nguyen | G30: {=IFERROR( INDEX(ATTENDANCE_INPUT!E:E, MATCH(1, (ATTENDANCE_INPUT!A:A=A30) * (ATTENDANCE_INPUT!W:W=MAXIFS(ATTENDANCE_INPUT!W:W, ATTENDANCE_INPUT!A:A, A30)), 0)), "")} -> Communication 2 | H30: {=IF(ISNA(MATCH(A30,sheet2!A:A,0)),"⏳ Chưa test",IFERROR(INDEX(LEVEL_HELPER!A:A,MATCH(INDEX(sheet2!N:N,MATCH(A30,sheet2!A:A,0)),LEVEL_HELPER!B:B,0)),"⏳ Chưa test"))} -> Beginner | I30: {=IF(ISNA(MATCH(A30,sheet2!A:A,0)),H30,IF(INDEX(sheet2!O:O,MATCH(A30,sheet2!A:A,0))>0,IFERROR(INDEX(LEVEL_HELPER!A:A,MATCH(INDEX(sheet2!O:O,MATCH(A30,sheet2!A:A,0)),LEVEL_HELPER!B:B,0)),H30),H30))} -> Intermediate 1 | J30: =IFERROR(MAXIFS(ATTENDANCE_LOG!F:F, ATTENDANCE_LOG!C:C, A30&"", ATTENDANCE_LOG!G:G, "Present"), "") -> 46084.417 | K30: =IF(J30="", "", TODAY() - J30) -> 128.58333 | L30: =IF(M30="Completed (no continuation)","✅ Completed",IF(M30="Discontinued mid-course","❌ Dropped",IF(AND(ISNUMBER(K30),K30>=30),"⚠ Check",""))) -> ✅ Completed | M30: Completed (no continuation) | N30: Learning goal achieved | P30: =IFERROR(__xludf.DUMMYFUNCTION("IFERROR(COUNTUNIQUEIFS(ATTENDANCE_LOG!B:B,ATTENDANCE_LOG!C:C,A30),0)"),2.0) -> 2 | Q30: {=IFERROR(INDEX(ATTENDANCE_LOG!A:A,MATCH(1,(ATTENDANCE_LOG!C:C=A30)*(ATTENDANCE_LOG!F:F=MAXIFS(ATTENDANCE_LOG!F:F,ATTENDANCE_LOG!C:C,A30)),0)),"")} -> EL004 | R30: {=IFERROR(INDEX(ATTENDANCE_LOG!B:B,MATCH(1,(ATTENDANCE_LOG!C:C=A30)*(ATTENDANCE_LOG!F:F=MAXIFS(ATTENDANCE_LOG!F:F,ATTENDANCE_LOG!C:C,A30)),0)),"")} -> Communication 2 | S30: =IFERROR(VLOOKUP(H30, LEVEL_HELPER!A:B, 2, 0), 0) -> 1 | T30: =IFERROR(VLOOKUP(I30, LEVEL_HELPER!A:B, 2, 0), 0) -> 5 | U30: =IF(S30="",0,IF(S30<=2,1,IF(S30<=4,2,IF(S30<=5.5,3,4)))) -> 1 | V30: =IF(T30="",0,IF(T30<=2,1,IF(T30<=4,2,IF(T30<=5.5,3,4)))) -> 3 | W30: =IF(OR(H30="", H30="Not Placement"), "Not tested yet", IF(V30<U30, "Regressed", IF(V30=U30, IF(T30>S30, "Minor Improvement", "No Progress"), IF(V30-U30=1, "Lv"&U30&"→Lv"&V30, "Lv"&U30&"→Lv"&V30&" (multi)")))) -> Lv1→Lv3 (multi) | Y30: 247391 | Z30: High workload / Can't arrange time | AA30: High workload
A31: 183431 | B31: HOÀNG XUÂN MẪN | C31: =IFERROR(__xludf.DUMMYFUNCTION("arrayformula(VLOOKUP(to_Text(A31),to_Text(sheet2!$A$1:M1005),13,0))"),"ONC") -> ONC | D31: =IFERROR(__xludf.DUMMYFUNCTION("arrayformula(VLOOKUP(to_Text(A31),to_Text(sheet2!$A$1:M1005),12,0))"),"DEV") -> DEV | E31: =IF(OR(L31="✅ Completed",L31="❌ Dropped"),"Inactive",IF(M31="Waiting for class","Waiting for class","Active")) -> Inactive | F31: {=IFERROR( INDEX(ATTENDANCE_INPUT!D:D, MATCH(1, (ATTENDANCE_INPUT!A:A=A31) * (ATTENDANCE_INPUT!W:W=MAXIFS(ATTENDANCE_INPUT!W:W, ATTENDANCE_INPUT!A:A, A31)), 0)), "")} -> Cuong Nguyen | G31: {=IFERROR( INDEX(ATTENDANCE_INPUT!E:E, MATCH(1, (ATTENDANCE_INPUT!A:A=A31) * (ATTENDANCE_INPUT!W:W=MAXIFS(ATTENDANCE_INPUT!W:W, ATTENDANCE_INPUT!A:A, A31)), 0)), "")} -> Communication 2 | H31: {=IF(ISNA(MATCH(A31,sheet2!A:A,0)),"⏳ Chưa test",IFERROR(INDEX(LEVEL_HELPER!A:A,MATCH(INDEX(sheet2!N:N,MATCH(A31,sheet2!A:A,0)),LEVEL_HELPER!B:B,0)),"⏳ Chưa test"))} -> Beginner | I31: {=IF(ISNA(MATCH(A31,sheet2!A:A,0)),H31,IF(INDEX(sheet2!O:O,MATCH(A31,sheet2!A:A,0))>0,IFERROR(INDEX(LEVEL_HELPER!A:A,MATCH(INDEX(sheet2!O:O,MATCH(A31,sheet2!A:A,0)),LEVEL_HELPER!B:B,0)),H31),H31))} -> Pre-Intermediate 2 | J31: =IFERROR(MAXIFS(ATTENDANCE_LOG!F:F, ATTENDANCE_LOG!C:C, A31&"", ATTENDANCE_LOG!G:G, "Present"), "") -> 46084.417 | K31: =IF(J31="", "", TODAY() - J31) -> 128.58333 | L31: =IF(M31="Completed (no continuation)","✅ Completed",IF(M31="Discontinued mid-course","❌ Dropped",IF(AND(ISNUMBER(K31),K31>=30),"⚠ Check",""))) -> ✅ Completed | M31: Completed (no continuation) | N31: Learning goal achieved | P31: =IFERROR(__xludf.DUMMYFUNCTION("IFERROR(COUNTUNIQUEIFS(ATTENDANCE_LOG!B:B,ATTENDANCE_LOG!C:C,A31),0)"),2.0) -> 2 | Q31: {=IFERROR(INDEX(ATTENDANCE_LOG!A:A,MATCH(1,(ATTENDANCE_LOG!C:C=A31)*(ATTENDANCE_LOG!F:F=MAXIFS(ATTENDANCE_LOG!F:F,ATTENDANCE_LOG!C:C,A31)),0)),"")} -> EL004 | R31: {=IFERROR(INDEX(ATTENDANCE_LOG!B:B,MATCH(1,(ATTENDANCE_LOG!C:C=A31)*(ATTENDANCE_LOG!F:F=MAXIFS(ATTENDANCE_LOG!F:F,ATTENDANCE_LOG!C:C,A31)),0)),"")} -> Communication 2 | S31: =IFERROR(VLOOKUP(H31, LEVEL_HELPER!A:B, 2, 0), 0) -> 1 | T31: =IFERROR(VLOOKUP(I31, LEVEL_HELPER!A:B, 2, 0), 0) -> 3.5 | U31: =IF(S31="",0,IF(S31<=2,1,IF(S31<=4,2,IF(S31<=5.5,3,4)))) -> 1 | V31: =IF(T31="",0,IF(T31<=2,1,IF(T31<=4,2,IF(T31<=5.5,3,4)))) -> 2 | W31: =IF(OR(H31="", H31="Not Placement"), "Not tested yet", IF(V31<U31, "Regressed", IF(V31=U31, IF(T31>S31, "Minor Improvement", "No Progress"), IF(V31-U31=1, "Lv"&U31&"→Lv"&V31, "Lv"&U31&"→Lv"&V31&" (multi)")))) -> Lv1→Lv2 | Y31: 247392 | Z31: High workload / Can't arrange time | AA31: High workload
A32: 193499 | B32: HUỲNH TUẤN KHANH | C32: =IFERROR(__xludf.DUMMYFUNCTION("arrayformula(VLOOKUP(to_Text(A32),to_Text(sheet2!$A$1:M1005),13,0))"),"ONC") -> ONC | D32: =IFERROR(__xludf.DUMMYFUNCTION("arrayformula(VLOOKUP(to_Text(A32),to_Text(sheet2!$A$1:M1005),12,0))"),"DEV") -> DEV | E32: =IF(OR(L32="✅ Completed",L32="❌ Dropped"),"Inactive",IF(M32="Waiting for class","Waiting for class","Active")) -> Inactive | F32: {=IFERROR( INDEX(ATTENDANCE_INPUT!D:D, MATCH(1, (ATTENDANCE_INPUT!A:A=A32) * (ATTENDANCE_INPUT!W:W=MAXIFS(ATTENDANCE_INPUT!W:W, ATTENDANCE_INPUT!A:A, A32)), 0)), "")} -> Cuong Nguyen | G32: {=IFERROR( INDEX(ATTENDANCE_INPUT!E:E, MATCH(1, (ATTENDANCE_INPUT!A:A=A32) * (ATTENDANCE_INPUT!W:W=MAXIFS(ATTENDANCE_INPUT!W:W, ATTENDANCE_INPUT!A:A, A32)), 0)), "")} -> Communication 2 | H32: {=IF(ISNA(MATCH(A32,sheet2!A:A,0)),"⏳ Chưa test",IFERROR(INDEX(LEVEL_HELPER!A:A,MATCH(INDEX(sheet2!N:N,MATCH(A32,sheet2!A:A,0)),LEVEL_HELPER!B:B,0)),"⏳ Chưa test"))} -> Beginner | I32: {=IF(ISNA(MATCH(A32,sheet2!A:A,0)),H32,IF(INDEX(sheet2!O:O,MATCH(A32,sheet2!A:A,0))>0,IFERROR(INDEX(LEVEL_HELPER!A:A,MATCH(INDEX(sheet2!O:O,MATCH(A32,sheet2!A:A,0)),LEVEL_HELPER!B:B,0)),H32),H32))} -> Pre-Intermediate 1 | J32: =IFERROR(MAXIFS(ATTENDANCE_LOG!F:F, ATTENDANCE_LOG!C:C, A32&"", ATTENDANCE_LOG!G:G, "Present"), "") -> 46084.417 | K32: =IF(J32="", "", TODAY() - J32) -> 128.58333 | L32: =IF(M32="Completed (no continuation)","✅ Completed",IF(M32="Discontinued mid-course","❌ Dropped",IF(AND(ISNUMBER(K32),K32>=30),"⚠ Check",""))) -> ✅ Completed | M32: Completed (no continuation) | N32: Learning goal achieved | P32: =IFERROR(__xludf.DUMMYFUNCTION("IFERROR(COUNTUNIQUEIFS(ATTENDANCE_LOG!B:B,ATTENDANCE_LOG!C:C,A32),0)"),2.0) -> 2 | Q32: {=IFERROR(INDEX(ATTENDANCE_LOG!A:A,MATCH(1,(ATTENDANCE_LOG!C:C=A32)*(ATTENDANCE_LOG!F:F=MAXIFS(ATTENDANCE_LOG!F:F,ATTENDANCE_LOG!C:C,A32)),0)),"")} -> EL004 | R32: {=IFERROR(INDEX(ATTENDANCE_LOG!B:B,MATCH(1,(ATTENDANCE_LOG!C:C=A32)*(ATTENDANCE_LOG!F:F=MAXIFS(ATTENDANCE_LOG!F:F,ATTENDANCE_LOG!C:C,A32)),0)),"")} -> Communication 2 | S32: =IFERROR(VLOOKUP(H32, LEVEL_HELPER!A:B, 2, 0), 0) -> 1 | T32: =IFERROR(VLOOKUP(I32, LEVEL_HELPER!A:B, 2, 0), 0) -> 3 | U32: =IF(S32="",0,IF(S32<=2,1,IF(S32<=4,2,IF(S32<=5.5,3,4)))) -> 1 | V32: =IF(T32="",0,IF(T32<=2,1,IF(T32<=4,2,IF(T32<=5.5,3,4)))) -> 2 | W32: =IF(OR(H32="", H32="Not Placement"), "Not tested yet", IF(V32<U32, "Regressed", IF(V32=U32, IF(T32>S32, "Minor Improvement", "No Progress"), IF(V32-U32=1, "Lv"&U32&"→Lv"&V32, "Lv"&U32&"→Lv"&V32&" (multi)")))) -> Lv1→Lv2 | Y32: 247271 | Z32: High workload / Can't arrange time | AA32: High workload
A33: 227141 | B33: NGUYỄN ĐÔNG HỒ | C33: =IFERROR(__xludf.DUMMYFUNCTION("arrayformula(VLOOKUP(to_Text(A33),to_Text(sheet2!$A$1:M1005),13,0))"),"ONC") -> ONC | D33: =IFERROR(__xludf.DUMMYFUNCTION("arrayformula(VLOOKUP(to_Text(A33),to_Text(sheet2!$A$1:M1005),12,0))"),"DEV") -> DEV | E33: =IF(OR(L33="✅ Completed",L33="❌ Dropped"),"Inactive",IF(M33="Waiting for class","Waiting for class","Active")) -> Inactive | F33: {=IFERROR( INDEX(ATTENDANCE_INPUT!D:D, MATCH(1, (ATTENDANCE_INPUT!A:A=A33) * (ATTENDANCE_INPUT!W:W=MAXIFS(ATTENDANCE_INPUT!W:W, ATTENDANCE_INPUT!A:A, A33)), 0)), "")} -> Cuong Nguyen | G33: {=IFERROR( INDEX(ATTENDANCE_INPUT!E:E, MATCH(1, (ATTENDANCE_INPUT!A:A=A33) * (ATTENDANCE_INPUT!W:W=MAXIFS(ATTENDANCE_INPUT!W:W, ATTENDANCE_INPUT!A:A, A33)), 0)), "")} -> Communication 2 | H33: {=IF(ISNA(MATCH(A33,sheet2!A:A,0)),"⏳ Chưa test",IFERROR(INDEX(LEVEL_HELPER!A:A,MATCH(INDEX(sheet2!N:N,MATCH(A33,sheet2!A:A,0)),LEVEL_HELPER!B:B,0)),"⏳ Chưa test"))} -> Beginner | I33: {=IF(ISNA(MATCH(A33,sheet2!A:A,0)),H33,IF(INDEX(sheet2!O:O,MATCH(A33,sheet2!A:A,0))>0,IFERROR(INDEX(LEVEL_HELPER!A:A,MATCH(INDEX(sheet2!O:O,MATCH(A33,sheet2!A:A,0)),LEVEL_HELPER!B:B,0)),H33),H33))} -> Pre-Intermediate 1 | J33: =IFERROR(MAXIFS(ATTENDANCE_LOG!F:F, ATTENDANCE_LOG!C:C, A33&"", ATTENDANCE_LOG!G:G, "Present"), "") -> 46084.417 | K33: =IF(J33="", "", TODAY() - J33) -> 128.58333 | L33: =IF(M33="Completed (no continuation)","✅ Completed",IF(M33="Discontinued mid-course","❌ Dropped",IF(AND(ISNUMBER(K33),K33>=30),"⚠ Check",""))) -> ✅ Completed | M33: Completed (no continuation) | N33: Learning goal achieved | P33: =IFERROR(__xludf.DUMMYFUNCTION("IFERROR(COUNTUNIQUEIFS(ATTENDANCE_LOG!B:B,ATTENDANCE_LOG!C:C,A33),0)"),2.0) -> 2 | Q33: {=IFERROR(INDEX(ATTENDANCE_LOG!A:A,MATCH(1,(ATTENDANCE_LOG!C:C=A33)*(ATTENDANCE_LOG!F:F=MAXIFS(ATTENDANCE_LOG!F:F,ATTENDANCE_LOG!C:C,A33)),0)),"")} -> EL004 | R33: {=IFERROR(INDEX(ATTENDANCE_LOG!B:B,MATCH(1,(ATTENDANCE_LOG!C:C=A33)*(ATTENDANCE_LOG!F:F=MAXIFS(ATTENDANCE_LOG!F:F,ATTENDANCE_LOG!C:C,A33)),0)),"")} -> Communication 2 | S33: =IFERROR(VLOOKUP(H33, LEVEL_HELPER!A:B, 2, 0), 0) -> 1 | T33: =IFERROR(VLOOKUP(I33, LEVEL_HELPER!A:B, 2, 0), 0) -> 3 | U33: =IF(S33="",0,IF(S33<=2,1,IF(S33<=4,2,IF(S33<=5.5,3,4)))) -> 1 | V33: =IF(T33="",0,IF(T33<=2,1,IF(T33<=4,2,IF(T33<=5.5,3,4)))) -> 2 | W33: =IF(OR(H33="", H33="Not Placement"), "Not tested yet", IF(V33<U33, "Regressed", IF(V33=U33, IF(T33>S33, "Minor Improvement", "No Progress"), IF(V33-U33=1, "Lv"&U33&"→Lv"&V33, "Lv"&U33&"→Lv"&V33&" (multi)")))) -> Lv1→Lv2 | Y33: 247068 | Z33: Prefer different format | AA33: Prefer other learning methods
A34: 193529 | B34: NGUYỄN VĂN MẠNH CƯỜNG | C34: =IFERROR(__xludf.DUMMYFUNCTION("arrayformula(VLOOKUP(to_Text(A34),to_Text(sheet2!$A$1:M1005),13,0))"),"ONC") -> ONC | D34: =IFERROR(__xludf.DUMMYFUNCTION("arrayformula(VLOOKUP(to_Text(A34),to_Text(sheet2!$A$1:M1005),12,0))"),"DEV") -> DEV | E34: =IF(OR(L34="✅ Completed",L34="❌ Dropped"),"Inactive",IF(M34="Waiting for class","Waiting for class","Active")) -> Inactive | F34: {=IFERROR( INDEX(ATTENDANCE_INPUT!D:D, MATCH(1, (ATTENDANCE_INPUT!A:A=A34) * (ATTENDANCE_INPUT!W:W=MAXIFS(ATTENDANCE_INPUT!W:W, ATTENDANCE_INPUT!A:A, A34)), 0)), "")} -> Cuong Nguyen | G34: {=IFERROR( INDEX(ATTENDANCE_INPUT!E:E, MATCH(1, (ATTENDANCE_INPUT!A:A=A34) * (ATTENDANCE_INPUT!W:W=MAXIFS(ATTENDANCE_INPUT!W:W, ATTENDANCE_INPUT!A:A, A34)), 0)), "")} -> Communication 2 | H34: {=IF(ISNA(MATCH(A34,sheet2!A:A,0)),"⏳ Chưa test",IFERROR(INDEX(LEVEL_HELPER!A:A,MATCH(INDEX(sheet2!N:N,MATCH(A34,sheet2!A:A,0)),LEVEL_HELPER!B:B,0)),"⏳ Chưa test"))} -> Pre-Intermediate | I34: {=IF(ISNA(MATCH(A34,sheet2!A:A,0)),H34,IF(INDEX(sheet2!O:O,MATCH(A34,sheet2!A:A,0))>0,IFERROR(INDEX(LEVEL_HELPER!A:A,MATCH(INDEX(sheet2!O:O,MATCH(A34,sheet2!A:A,0)),LEVEL_HELPER!B:B,0)),H34),H34))} -> Intermediate 1 | J34: =IFERROR(MAXIFS(ATTENDANCE_LOG!F:F, ATTENDANCE_LOG!C:C, A34&"", ATTENDANCE_LOG!G:G, "Present"), "") -> 46084.417 | K34: =IF(J34="", "", TODAY() - J34) -> 128.58333 | L34: =IF(M34="Completed (no continuation)","✅ Completed",IF(M34="Discontinued mid-course","❌ Dropped",IF(AND(ISNUMBER(K34),K34>=30),"⚠ Check",""))) -> ✅ Completed | M34: Completed (no continuation) | N34: Resign | P34: =IFERROR(__xludf.DUMMYFUNCTION("IFERROR(COUNTUNIQUEIFS(ATTENDANCE_LOG!B:B,ATTENDANCE_LOG!C:C,A34),0)"),2.0) -> 2 | Q34: {=IFERROR(INDEX(ATTENDANCE_LOG!A:A,MATCH(1,(ATTENDANCE_LOG!C:C=A34)*(ATTENDANCE_LOG!F:F=MAXIFS(ATTENDANCE_LOG!F:F,ATTENDANCE_LOG!C:C,A34)),0)),"")} -> EL004 | R34: {=IFERROR(INDEX(ATTENDANCE_LOG!B:B,MATCH(1,(ATTENDANCE_LOG!C:C=A34)*(ATTENDANCE_LOG!F:F=MAXIFS(ATTENDANCE_LOG!F:F,ATTENDANCE_LOG!C:C,A34)),0)),"")} -> Communication 2 | S34: =IFERROR(VLOOKUP(H34, LEVEL_HELPER!A:B, 2, 0), 0) -> 2.5 | T34: =IFERROR(VLOOKUP(I34, LEVEL_HELPER!A:B, 2, 0), 0) -> 5 | U34: =IF(S34="",0,IF(S34<=2,1,IF(S34<=4,2,IF(S34<=5.5,3,4)))) -> 2 | V34: =IF(T34="",0,IF(T34<=2,1,IF(T34<=4,2,IF(T34<=5.5,3,4)))) -> 3 | W34: =IF(OR(H34="", H34="Not Placement"), "Not tested yet", IF(V34<U34, "Regressed", IF(V34=U34, IF(T34>S34, "Minor Improvement", "No Progress"), IF(V34-U34=1, "Lv"&U34&"→Lv"&V34, "Lv"&U34&"→Lv"&V34&" (multi)")))) -> Lv2→Lv3 | Y34: 227003 | Z34: Prefer different format | AA34: Prefer other learning methods
A35: 237130 | B35: TRẦN KHANG | C35: =IFERROR(__xludf.DUMMYFUNCTION("arrayformula(VLOOKUP(to_Text(A35),to_Text(sheet2!$A$1:M1005),13,0))"),"ONC") -> ONC | D35: =IFERROR(__xludf.DUMMYFUNCTION("arrayformula(VLOOKUP(to_Text(A35),to_Text(sheet2!$A$1:M1005),12,0))"),"DEV") -> DEV | E35: =IF(OR(L35="✅ Completed",L35="❌ Dropped"),"Inactive",IF(M35="Waiting for class","Waiting for class","Active")) -> Inactive | F35: {=IFERROR( INDEX(ATTENDANCE_INPUT!D:D, MATCH(1, (ATTENDANCE_INPUT!A:A=A35) * (ATTENDANCE_INPUT!W:W=MAXIFS(ATTENDANCE_INPUT!W:W, ATTENDANCE_INPUT!A:A, A35)), 0)), "")} -> Cuong Nguyen | G35: {=IFERROR( INDEX(ATTENDANCE_INPUT!E:E, MATCH(1, (ATTENDANCE_INPUT!A:A=A35) * (ATTENDANCE_INPUT!W:W=MAXIFS(ATTENDANCE_INPUT!W:W, ATTENDANCE_INPUT!A:A, A35)), 0)), "")} -> Communication 2 | H35: {=IF(ISNA(MATCH(A35,sheet2!A:A,0)),"⏳ Chưa test",IFERROR(INDEX(LEVEL_HELPER!A:A,MATCH(INDEX(sheet2!N:N,MATCH(A35,sheet2!A:A,0)),LEVEL_HELPER!B:B,0)),"⏳ Chưa test"))} -> Beginner | I35: {=IF(ISNA(MATCH(A35,sheet2!A:A,0)),H35,IF(INDEX(sheet2!O:O,MATCH(A35,sheet2!A:A,0))>0,IFERROR(INDEX(LEVEL_HELPER!A:A,MATCH(INDEX(sheet2!O:O,MATCH(A35,sheet2!A:A,0)),LEVEL_HELPER!B:B,0)),H35),H35))} -> Pre-Intermediate 2 | J35: =IFERROR(MAXIFS(ATTENDANCE_LOG!F:F, ATTENDANCE_LOG!C:C, A35&"", ATTENDANCE_LOG!G:G, "Present"), "") -> 46084.417 | K35: =IF(J35="", "", TODAY() - J35) -> 128.58333 | L35: =IF(M35="Completed (no continuation)","✅ Completed",IF(M35="Discontinued mid-course","❌ Dropped",IF(AND(ISNUMBER(K35),K35>=30),"⚠ Check",""))) -> ✅ Completed | M35: Completed (no continuation) | N35: Learning goal achieved | P35: =IFERROR(__xludf.DUMMYFUNCTION("IFERROR(COUNTUNIQUEIFS(ATTENDANCE_LOG!B:B,ATTENDANCE_LOG!C:C,A35),0)"),2.0) -> 2 | Q35: {=IFERROR(INDEX(ATTENDANCE_LOG!A:A,MATCH(1,(ATTENDANCE_LOG!C:C=A35)*(ATTENDANCE_LOG!F:F=MAXIFS(ATTENDANCE_LOG!F:F,ATTENDANCE_LOG!C:C,A35)),0)),"")} -> EL004 | R35: {=IFERROR(INDEX(ATTENDANCE_LOG!B:B,MATCH(1,(ATTENDANCE_LOG!C:C=A35)*(ATTENDANCE_LOG!F:F=MAXIFS(ATTENDANCE_LOG!F:F,ATTENDANCE_LOG!C:C,A35)),0)),"")} -> Communication 2 | S35: =IFERROR(VLOOKUP(H35, LEVEL_HELPER!A:B, 2, 0), 0) -> 1 | T35: =IFERROR(VLOOKUP(I35, LEVEL_HELPER!A:B, 2, 0), 0) -> 3.5 | U35: =IF(S35="",0,IF(S35<=2,1,IF(S35<=4,2,IF(S35<=5.5,3,4)))) -> 1 | V35: =IF(T35="",0,IF(T35<=2,1,IF(T35<=4,2,IF(T35<=5.5,3,4)))) -> 2 | W35: =IF(OR(H35="", H35="Not Placement"), "Not tested yet", IF(V35<U35, "Regressed", IF(V35=U35, IF(T35>S35, "Minor Improvement", "No Progress"), IF(V35-U35=1, "Lv"&U35&"→Lv"&V35, "Lv"&U35&"→Lv"&V35&" (multi)")))) -> Lv1→Lv2 | Y35: 237122 | Z35: Prefer different format | AA35: Prefer other learning methods
A36: 237097 | B36: VÕ ĐỒNG ĐỨC DUY | C36: =IFERROR(__xludf.DUMMYFUNCTION("arrayformula(VLOOKUP(to_Text(A36),to_Text(sheet2!$A$1:M1005),13,0))"),"ONC") -> ONC | D36: =IFERROR(__xludf.DUMMYFUNCTION("arrayformula(VLOOKUP(to_Text(A36),to_Text(sheet2!$A$1:M1005),12,0))"),"DEV") -> DEV | E36: =IF(OR(L36="✅ Completed",L36="❌ Dropped"),"Inactive",IF(M36="Waiting for class","Waiting for class","Active")) -> Inactive | F36: {=IFERROR( INDEX(ATTENDANCE_INPUT!D:D, MATCH(1, (ATTENDANCE_INPUT!A:A=A36) * (ATTENDANCE_INPUT!W:W=MAXIFS(ATTENDANCE_INPUT!W:W, ATTENDANCE_INPUT!A:A, A36)), 0)), "")} -> Cuong Nguyen | G36: {=IFERROR( INDEX(ATTENDANCE_INPUT!E:E, MATCH(1, (ATTENDANCE_INPUT!A:A=A36) * (ATTENDANCE_INPUT!W:W=MAXIFS(ATTENDANCE_INPUT!W:W, ATTENDANCE_INPUT!A:A, A36)), 0)), "")} -> Communication 1 | H36: {=IF(ISNA(MATCH(A36,sheet2!A:A,0)),"⏳ Chưa test",IFERROR(INDEX(LEVEL_HELPER!A:A,MATCH(INDEX(sheet2!N:N,MATCH(A36,sheet2!A:A,0)),LEVEL_HELPER!B:B,0)),"⏳ Chưa test"))} -> ⏳ Chưa test | I36: {=IF(ISNA(MATCH(A36,sheet2!A:A,0)),H36,IF(INDEX(sheet2!O:O,MATCH(A36,sheet2!A:A,0))>0,IFERROR(INDEX(LEVEL_HELPER!A:A,MATCH(INDEX(sheet2!O:O,MATCH(A36,sheet2!A:A,0)),LEVEL_HELPER!B:B,0)),H36),H36))} -> ⏳ Chưa test | J36: =IFERROR(MAXIFS(ATTENDANCE_LOG!F:F, ATTENDANCE_LOG!C:C, A36&"", ATTENDANCE_LOG!G:G, "Present"), "") -> 45820.375 | K36: =IF(J36="", "", TODAY() - J36) -> 392.625 | L36: =IF(M36="Completed (no continuation)","✅ Completed",IF(M36="Discontinued mid-course","❌ Dropped",IF(AND(ISNUMBER(K36),K36>=30),"⚠ Check",""))) -> ✅ Completed | M36: Completed (no continuation) | N36: Resign | P36: =IFERROR(__xludf.DUMMYFUNCTION("IFERROR(COUNTUNIQUEIFS(ATTENDANCE_LOG!B:B,ATTENDANCE_LOG!C:C,A36),0)"),2.0) -> 2 | Q36: {=IFERROR(INDEX(ATTENDANCE_LOG!A:A,MATCH(1,(ATTENDANCE_LOG!C:C=A36)*(ATTENDANCE_LOG!F:F=MAXIFS(ATTENDANCE_LOG!F:F,ATTENDANCE_LOG!C:C,A36)),0)),"")} -> EL004 | R36: {=IFERROR(INDEX(ATTENDANCE_LOG!B:B,MATCH(1,(ATTENDANCE_LOG!C:C=A36)*(ATTENDANCE_LOG!F:F=MAXIFS(ATTENDANCE_LOG!F:F,ATTENDANCE_LOG!C:C,A36)),0)),"")} -> Communication 2 | S36: =IFERROR(VLOOKUP(H36, LEVEL_HELPER!A:B, 2, 0), 0) -> 0 | T36: =IFERROR(VLOOKUP(I36, LEVEL_HELPER!A:B, 2, 0), 0) -> 0 | U36: =IF(S36="",0,IF(S36<=2,1,IF(S36<=4,2,IF(S36<=5.5,3,4)))) -> 1 | V36: =IF(T36="",0,IF(T36<=2,1,IF(T36<=4,2,IF(T36<=5.5,3,4)))) -> 1 | W36: =IF(OR(H36="", H36="Not Placement"), "Not tested yet", IF(V36<U36, "Regressed", IF(V36=U36, IF(T36>S36, "Minor Improvement", "No Progress"), IF(V36-U36=1, "Lv"&U36&"→Lv"&V36, "Lv"&U36&"→Lv"&V36&" (multi)")))) -> No Progress | Y36: 237137 | Z36: Prefer different format | AA36: Prefer other learning methods
A37: 247026 | B37: ĐỖ HOÀNG MINH HUY | C37: =IFERROR(__xludf.DUMMYFUNCTION("arrayformula(VLOOKUP(to_Text(A37),to_Text(sheet2!$A$1:M1005),13,0))"),"LBU") -> LBU | D37: =IFERROR(__xludf.DUMMYFUNCTION("arrayformula(VLOOKUP(to_Text(A37),to_Text(sheet2!$A$1:M1005),12,0))"),"GSD") -> GSD | E37: =IF(OR(L37="✅ Completed",L37="❌ Dropped"),"Inactive",IF(M37="Waiting for class","Waiting for class","Active")) -> Inactive | F37: {=IFERROR( INDEX(ATTENDANCE_INPUT!D:D, MATCH(1, (ATTENDANCE_INPUT!A:A=A37) * (ATTENDANCE_INPUT!W:W=MAXIFS(ATTENDANCE_INPUT!W:W, ATTENDANCE_INPUT!A:A, A37)), 0)), "")} -> Dat Nguyen | G37: {=IFERROR( INDEX(ATTENDANCE_INPUT!E:E, MATCH(1, (ATTENDANCE_INPUT!A:A=A37) * (ATTENDANCE_INPUT!W:W=MAXIFS(ATTENDANCE_INPUT!W:W, ATTENDANCE_INPUT!A:A, A37)), 0)), "")} -> Communication 1 | H37: {=IF(ISNA(MATCH(A37,sheet2!A:A,0)),"⏳ Chưa test",IFERROR(INDEX(LEVEL_HELPER!A:A,MATCH(INDEX(sheet2!N:N,MATCH(A37,sheet2!A:A,0)),LEVEL_HELPER!B:B,0)),"⏳ Chưa test"))} -> Pre-Intermediate | I37: {=IF(ISNA(MATCH(A37,sheet2!A:A,0)),H37,IF(INDEX(sheet2!O:O,MATCH(A37,sheet2!A:A,0))>0,IFERROR(INDEX(LEVEL_HELPER!A:A,MATCH(INDEX(sheet2!O:O,MATCH(A37,sheet2!A:A,0)),LEVEL_HELPER!B:B,0)),H37),H37))} -> Intermediate | J37: =IFERROR(MAXIFS(ATTENDANCE_LOG!F:F, ATTENDANCE_LOG!C:C, A37&"", ATTENDANCE_LOG!G:G, "Present"), "") -> 45807.583 | K37: =IF(J37="", "", TODAY() - J37) -> 405.41667 | L37: =IF(M37="Completed (no continuation)","✅ Completed",IF(M37="Discontinued mid-course","❌ Dropped",IF(AND(ISNUMBER(K37),K37>=30),"⚠ Check",""))) -> ✅ Completed | M37: Completed (no continuation) | N37: Learning goal achieved | P37: =IFERROR(__xludf.DUMMYFUNCTION("IFERROR(COUNTUNIQUEIFS(ATTENDANCE_LOG!B:B,ATTENDANCE_LOG!C:C,A37),0)"),1.0) -> 1 | Q37: {=IFERROR(INDEX(ATTENDANCE_LOG!A:A,MATCH(1,(ATTENDANCE_LOG!C:C=A37)*(ATTENDANCE_LOG!F:F=MAXIFS(ATTENDANCE_LOG!F:F,ATTENDANCE_LOG!C:C,A37)),0)),"")} -> EL006 | R37: {=IFERROR(INDEX(ATTENDANCE_LOG!B:B,MATCH(1,(ATTENDANCE_LOG!C:C=A37)*(ATTENDANCE_LOG!F:F=MAXIFS(ATTENDANCE_LOG!F:F,ATTENDANCE_LOG!C:C,A37)),0)),"")} -> Communication 1 | S37: =IFERROR(VLOOKUP(H37, LEVEL_HELPER!A:B, 2, 0), 0) -> 2.5 | T37: =IFERROR(VLOOKUP(I37, LEVEL_HELPER!A:B, 2, 0), 0) -> 4.5 | U37: =IF(S37="",0,IF(S37<=2,1,IF(S37<=4,2,IF(S37<=5.5,3,4)))) -> 2 | V37: =IF(T37="",0,IF(T37<=2,1,IF(T37<=4,2,IF(T37<=5.5,3,4)))) -> 3 | W37: =IF(OR(H37="", H37="Not Placement"), "Not tested yet", IF(V37<U37, "Regressed", IF(V37=U37, IF(T37>S37, "Minor Improvement", "No Progress"), IF(V37-U37=1, "Lv"&U37&"→Lv"&V37, "Lv"&U37&"→Lv"&V37&" (multi)")))) -> Lv2→Lv3 | Y37: 237004 | Z37: Attend English center / 1-1 course | AA37: Prefer other learning methods
A38: 183421 | B38: NGUYỄN TẤT ĐẠT | C38: =IFERROR(__xludf.DUMMYFUNCTION("arrayformula(VLOOKUP(to_Text(A38),to_Text(sheet2!$A$1:M1005),13,0))"),"LBU") -> LBU | D38: =IFERROR(__xludf.DUMMYFUNCTION("arrayformula(VLOOKUP(to_Text(A38),to_Text(sheet2!$A$1:M1005),12,0))"),"DEV") -> DEV | E38: =IF(OR(L38="✅ Completed",L38="❌ Dropped"),"Inactive",IF(M38="Waiting for class","Waiting for class","Active")) -> Waiting for class | F38: {=IFERROR( INDEX(ATTENDANCE_INPUT!D:D, MATCH(1, (ATTENDANCE_INPUT!A:A=A38) * (ATTENDANCE_INPUT!W:W=MAXIFS(ATTENDANCE_INPUT!W:W, ATTENDANCE_INPUT!A:A, A38)), 0)), "")} -> Dat Nguyen | G38: {=IFERROR( INDEX(ATTENDANCE_INPUT!E:E, MATCH(1, (ATTENDANCE_INPUT!A:A=A38) * (ATTENDANCE_INPUT!W:W=MAXIFS(ATTENDANCE_INPUT!W:W, ATTENDANCE_INPUT!A:A, A38)), 0)), "")} -> Communication 1 | H38: {=IF(ISNA(MATCH(A38,sheet2!A:A,0)),"⏳ Chưa test",IFERROR(INDEX(LEVEL_HELPER!A:A,MATCH(INDEX(sheet2!N:N,MATCH(A38,sheet2!A:A,0)),LEVEL_HELPER!B:B,0)),"⏳ Chưa test"))} -> Intermediate | I38: {=IF(ISNA(MATCH(A38,sheet2!A:A,0)),H38,IF(INDEX(sheet2!O:O,MATCH(A38,sheet2!A:A,0))>0,IFERROR(INDEX(LEVEL_HELPER!A:A,MATCH(INDEX(sheet2!O:O,MATCH(A38,sheet2!A:A,0)),LEVEL_HELPER!B:B,0)),H38),H38))} -> Intermediate | J38: =IFERROR(MAXIFS(ATTENDANCE_LOG!F:F, ATTENDANCE_LOG!C:C, A38&"", ATTENDANCE_LOG!G:G, "Present"), "") -> 45807.583 | K38: =IF(J38="", "", TODAY() - J38) -> 405.41667 | L38: =IF(M38="Completed (no continuation)","✅ Completed",IF(M38="Discontinued mid-course","❌ Dropped",IF(AND(ISNUMBER(K38),K38>=30),"⚠ Check",""))) -> ⚠ Check | M38: Waiting for class | O38: Chờ ghép lớp BE | P38: =IFERROR(__xludf.DUMMYFUNCTION("IFERROR(COUNTUNIQUEIFS(ATTENDANCE_LOG!B:B,ATTENDANCE_LOG!C:C,A38),0)"),1.0) -> 1 | Q38: {=IFERROR(INDEX(ATTENDANCE_LOG!A:A,MATCH(1,(ATTENDANCE_LOG!C:C=A38)*(ATTENDANCE_LOG!F:F=MAXIFS(ATTENDANCE_LOG!F:F,ATTENDANCE_LOG!C:C,A38)),0)),"")} -> EL006 | R38: {=IFERROR(INDEX(ATTENDANCE_LOG!B:B,MATCH(1,(ATTENDANCE_LOG!C:C=A38)*(ATTENDANCE_LOG!F:F=MAXIFS(ATTENDANCE_LOG!F:F,ATTENDANCE_LOG!C:C,A38)),0)),"")} -> Communication 1 | S38: =IFERROR(VLOOKUP(H38, LEVEL_HELPER!A:B, 2, 0), 0) -> 4.5 | T38: =IFERROR(VLOOKUP(I38, LEVEL_HELPER!A:B, 2, 0), 0) -> 4.5 | U38: =IF(S38="",0,IF(S38<=2,1,IF(S38<=4,2,IF(S38<=5.5,3,4)))) -> 3 | V38: =IF(T38="",0,IF(T38<=2,1,IF(T38<=4,2,IF(T38<=5.5,3,4)))) -> 3 | W38: =IF(OR(H38="", H38="Not Placement"), "Not tested yet", IF(V38<U38, "Regressed", IF(V38=U38, IF(T38>S38, "Minor Improvement", "No Progress"), IF(V38-U38=1, "Lv"&U38&"→Lv"&V38, "Lv"&U38&"→Lv"&V38&" (multi)")))) -> No Progress | Y38: 237009 | Z38: Attend English center / 1-1 course | AA38: Prefer other learning methods
A39: 193548 | B39: NGUYỄN THIÊN ÂN | C39: =IFERROR(__xludf.DUMMYFUNCTION("arrayformula(VLOOKUP(to_Text(A39),to_Text(sheet2!$A$1:M1005),13,0))"),"TBU") -> TBU | D39: =IFERROR(__xludf.DUMMYFUNCTION("arrayformula(VLOOKUP(to_Text(A39),to_Text(sheet2!$A$1:M1005),12,0))"),"QC") -> QC | E39: =IF(OR(L39="✅ Completed",L39="❌ Dropped"),"Inactive",IF(M39="Waiting for class","Waiting for class","Active")) -> Inactive | F39: {=IFERROR( INDEX(ATTENDANCE_INPUT!D:D, MATCH(1, (ATTENDANCE_INPUT!A:A=A39) * (ATTENDANCE_INPUT!W:W=MAXIFS(ATTENDANCE_INPUT!W:W, ATTENDANCE_INPUT!A:A, A39)), 0)), "")} -> Dat Nguyen | G39: {=IFERROR( INDEX(ATTENDANCE_INPUT!E:E, MATCH(1, (ATTENDANCE_INPUT!A:A=A39) * (ATTENDANCE_INPUT!W:W=MAXIFS(ATTENDANCE_INPUT!W:W, ATTENDANCE_INPUT!A:A, A39)), 0)), "")} -> Communication 1 | H39: {=IF(ISNA(MATCH(A39,sheet2!A:A,0)),"⏳ Chưa test",IFERROR(INDEX(LEVEL_HELPER!A:A,MATCH(INDEX(sheet2!N:N,MATCH(A39,sheet2!A:A,0)),LEVEL_HELPER!B:B,0)),"⏳ Chưa test"))} -> Pre-Intermediate | I39: {=IF(ISNA(MATCH(A39,sheet2!A:A,0)),H39,IF(INDEX(sheet2!O:O,MATCH(A39,sheet2!A:A,0))>0,IFERROR(INDEX(LEVEL_HELPER!A:A,MATCH(INDEX(sheet2!O:O,MATCH(A39,sheet2!A:A,0)),LEVEL_HELPER!B:B,0)),H39),H39))} -> Pre-Intermediate 2 | J39: =IFERROR(MAXIFS(ATTENDANCE_LOG!F:F, ATTENDANCE_LOG!C:C, A39&"", ATTENDANCE_LOG!G:G, "Present"), "") -> 45807.583 | K39: =IF(J39="", "", TODAY() - J39) -> 405.41667 | L39: =IF(M39="Completed (no continuation)","✅ Completed",IF(M39="Discontinued mid-course","❌ Dropped",IF(AND(ISNUMBER(K39),K39>=30),"⚠ Check",""))) -> ✅ Completed | M39: Completed (no continuation) | N39: Resign | P39: =IFERROR(__xludf.DUMMYFUNCTION("IFERROR(COUNTUNIQUEIFS(ATTENDANCE_LOG!B:B,ATTENDANCE_LOG!C:C,A39),0)"),1.0) -> 1 | Q39: {=IFERROR(INDEX(ATTENDANCE_LOG!A:A,MATCH(1,(ATTENDANCE_LOG!C:C=A39)*(ATTENDANCE_LOG!F:F=MAXIFS(ATTENDANCE_LOG!F:F,ATTENDANCE_LOG!C:C,A39)),0)),"")} -> EL006 | R39: {=IFERROR(INDEX(ATTENDANCE_LOG!B:B,MATCH(1,(ATTENDANCE_LOG!C:C=A39)*(ATTENDANCE_LOG!F:F=MAXIFS(ATTENDANCE_LOG!F:F,ATTENDANCE_LOG!C:C,A39)),0)),"")} -> Communication 1 | S39: =IFERROR(VLOOKUP(H39, LEVEL_HELPER!A:B, 2, 0), 0) -> 2.5 | T39: =IFERROR(VLOOKUP(I39, LEVEL_HELPER!A:B, 2, 0), 0) -> 3.5 | U39: =IF(S39="",0,IF(S39<=2,1,IF(S39<=4,2,IF(S39<=5.5,3,4)))) -> 2 | V39: =IF(T39="",0,IF(T39<=2,1,IF(T39<=4,2,IF(T39<=5.5,3,4)))) -> 2 | W39: =IF(OR(H39="", H39="Not Placement"), "Not tested yet", IF(V39<U39, "Regressed", IF(V39=U39, IF(T39>S39, "Minor Improvement", "No Progress"), IF(V39-U39=1, "Lv"&U39&"→Lv"&V39, "Lv"&U39&"→Lv"&V39&" (multi)")))) -> Minor Improvement | Y39: 237037 | Z39: Attend English center / 1-1 course | AA39: Prefer other learning methods
A40: 237182 | B40: NGUYỄN TRỌNG BÌNH NGUYÊN | C40: =IFERROR(__xludf.DUMMYFUNCTION("arrayformula(VLOOKUP(to_Text(A40),to_Text(sheet2!$A$1:M1005),13,0))"),"ONC") -> ONC | D40: =IFERROR(__xludf.DUMMYFUNCTION("arrayformula(VLOOKUP(to_Text(A40),to_Text(sheet2!$A$1:M1005),12,0))"),"GSD") -> GSD | E40: =IF(OR(L40="✅ Completed",L40="❌ Dropped"),"Inactive",IF(M40="Waiting for class","Waiting for class","Active")) -> Inactive | F40: {=IFERROR( INDEX(ATTENDANCE_INPUT!D:D, MATCH(1, (ATTENDANCE_INPUT!A:A=A40) * (ATTENDANCE_INPUT!W:W=MAXIFS(ATTENDANCE_INPUT!W:W, ATTENDANCE_INPUT!A:A, A40)), 0)), "")} -> Duc Nguyen | G40: {=IFERROR( INDEX(ATTENDANCE_INPUT!E:E, MATCH(1, (ATTENDANCE_INPUT!A:A=A40) * (ATTENDANCE_INPUT!W:W=MAXIFS(ATTENDANCE_INPUT!W:W, ATTENDANCE_INPUT!A:A, A40)), 0)), "")} -> Communication 1 | H40: {=IF(ISNA(MATCH(A40,sheet2!A:A,0)),"⏳ Chưa test",IFERROR(INDEX(LEVEL_HELPER!A:A,MATCH(INDEX(sheet2!N:N,MATCH(A40,sheet2!A:A,0)),LEVEL_HELPER!B:B,0)),"⏳ Chưa test"))} -> ⏳ Chưa test | I40: {=IF(ISNA(MATCH(A40,sheet2!A:A,0)),H40,IF(INDEX(sheet2!O:O,MATCH(A40,sheet2!A:A,0))>0,IFERROR(INDEX(LEVEL_HELPER!A:A,MATCH(INDEX(sheet2!O:O,MATCH(A40,sheet2!A:A,0)),LEVEL_HELPER!B:B,0)),H40),H40))} -> ⏳ Chưa test | J40: =IFERROR(MAXIFS(ATTENDANCE_LOG!F:F, ATTENDANCE_LOG!C:C, A40&"", ATTENDANCE_LOG!G:G, "Present"), "") -> 45839.583 | K40: =IF(J40="", "", TODAY() - J40) -> 373.41667 | L40: =IF(M40="Completed (no continuation)","✅ Completed",IF(M40="Discontinued mid-course","❌ Dropped",IF(AND(ISNUMBER(K40),K40>=30),"⚠ Check",""))) -> ❌ Dropped | M40: Discontinued mid-course | N40: Resign | P40: =IFERROR(__xludf.DUMMYFUNCTION("IFERROR(COUNTUNIQUEIFS(ATTENDANCE_LOG!B:B,ATTENDANCE_LOG!C:C,A40),0)"),1.0) -> 1 | Q40: {=IFERROR(INDEX(ATTENDANCE_LOG!A:A,MATCH(1,(ATTENDANCE_LOG!C:C=A40)*(ATTENDANCE_LOG!F:F=MAXIFS(ATTENDANCE_LOG!F:F,ATTENDANCE_LOG!C:C,A40)),0)),"")} -> EL005 | R40: {=IFERROR(INDEX(ATTENDANCE_LOG!B:B,MATCH(1,(ATTENDANCE_LOG!C:C=A40)*(ATTENDANCE_LOG!F:F=MAXIFS(ATTENDANCE_LOG!F:F,ATTENDANCE_LOG!C:C,A40)),0)),"")} -> Communication 1 | S40: =IFERROR(VLOOKUP(H40, LEVEL_HELPER!A:B, 2, 0), 0) -> 0 | T40: =IFERROR(VLOOKUP(I40, LEVEL_HELPER!A:B, 2, 0), 0) -> 0 | U40: =IF(S40="",0,IF(S40<=2,1,IF(S40<=4,2,IF(S40<=5.5,3,4)))) -> 1 | V40: =IF(T40="",0,IF(T40<=2,1,IF(T40<=4,2,IF(T40<=5.5,3,4)))) -> 1 | W40: =IF(OR(H40="", H40="Not Placement"), "Not tested yet", IF(V40<U40, "Regressed", IF(V40=U40, IF(T40>S40, "Minor Improvement", "No Progress"), IF(V40-U40=1, "Lv"&U40&"→Lv"&V40, "Lv"&U40&"→Lv"&V40&" (multi)")))) -> No Progress | Y40: 247299 | Z40: Attend English center / 1-1 course | AA40: Prefer other learning methods
A41: 213835 | B41: ĐOÀN ANH MINH | C41: =IFERROR(__xludf.DUMMYFUNCTION("arrayformula(VLOOKUP(to_Text(A41),to_Text(sheet2!$A$1:M1005),13,0))"),"MOC") -> MOC | D41: =IFERROR(__xludf.DUMMYFUNCTION("arrayformula(VLOOKUP(to_Text(A41),to_Text(sheet2!$A$1:M1005),12,0))"),"DEV") -> DEV | E41: =IF(OR(L41="✅ Completed",L41="❌ Dropped"),"Inactive",IF(M41="Waiting for class","Waiting for class","Active")) -> Active | F41: {=IFERROR( INDEX(ATTENDANCE_INPUT!D:D, MATCH(1, (ATTENDANCE_INPUT!A:A=A41) * (ATTENDANCE_INPUT!W:W=MAXIFS(ATTENDANCE_INPUT!W:W, ATTENDANCE_INPUT!A:A, A41)), 0)), "")} -> Dung Hoang | G41: {=IFERROR( INDEX(ATTENDANCE_INPUT!E:E, MATCH(1, (ATTENDANCE_INPUT!A:A=A41) * (ATTENDANCE_INPUT!W:W=MAXIFS(ATTENDANCE_INPUT!W:W, ATTENDANCE_INPUT!A:A, A41)), 0)), "")} -> Communication 2 | H41: {=IF(ISNA(MATCH(A41,sheet2!A:A,0)),"⏳ Chưa test",IFERROR(INDEX(LEVEL_HELPER!A:A,MATCH(INDEX(sheet2!N:N,MATCH(A41,sheet2!A:A,0)),LEVEL_HELPER!B:B,0)),"⏳ Chưa test"))} -> Beginner | I41: {=IF(ISNA(MATCH(A41,sheet2!A:A,0)),H41,IF(INDEX(sheet2!O:O,MATCH(A41,sheet2!A:A,0))>0,IFERROR(INDEX(LEVEL_HELPER!A:A,MATCH(INDEX(sheet2!O:O,MATCH(A41,sheet2!A:A,0)),LEVEL_HELPER!B:B,0)),H41),H41))} -> Pre-Intermediate 2 | J41: =IFERROR(MAXIFS(ATTENDANCE_LOG!F:F, ATTENDANCE_LOG!C:C, A41&"", ATTENDANCE_LOG!G:G, "Present"), "") -> 46210.417 | K41: =IF(J41="", "", TODAY() - J41) -> 2.5833333 | L41: =IF(M41="Completed (no continuation)","✅ Completed",IF(M41="Discontinued mid-course","❌ Dropped",IF(AND(ISNUMBER(K41),K41>=30),"⚠ Check",""))) | P41: =IFERROR(__xludf.DUMMYFUNCTION("IFERROR(COUNTUNIQUEIFS(ATTENDANCE_LOG!B:B,ATTENDANCE_LOG!C:C,A41),0)"),3.0) -> 3 | Q41: {=IFERROR(INDEX(ATTENDANCE_LOG!A:A,MATCH(1,(ATTENDANCE_LOG!C:C=A41)*(ATTENDANCE_LOG!F:F=MAXIFS(ATTENDANCE_LOG!F:F,ATTENDANCE_LOG!C:C,A41)),0)),"")} -> EL024 | R41: {=IFERROR(INDEX(ATTENDANCE_LOG!B:B,MATCH(1,(ATTENDANCE_LOG!C:C=A41)*(ATTENDANCE_LOG!F:F=MAXIFS(ATTENDANCE_LOG!F:F,ATTENDANCE_LOG!C:C,A41)),0)),"")} -> Communication 2 | S41: =IFERROR(VLOOKUP(H41, LEVEL_HELPER!A:B, 2, 0), 0) -> 1 | T41: =IFERROR(VLOOKUP(I41, LEVEL_HELPER!A:B, 2, 0), 0) -> 3.5 | U41: =IF(S41="",0,IF(S41<=2,1,IF(S41<=4,2,IF(S41<=5.5,3,4)))) -> 1 | V41: =IF(T41="",0,IF(T41<=2,1,IF(T41<=4,2,IF(T41<=5.5,3,4)))) -> 2 | W41: =IF(OR(H41="", H41="Not Placement"), "Not tested yet", IF(V41<U41, "Regressed", IF(V41=U41, IF(T41>S41, "Minor Improvement", "No Progress"), IF(V41-U41=1, "Lv"&U41&"→Lv"&V41, "Lv"&U41&"→Lv"&V41&" (multi)")))) -> Lv1→Lv2 | Y41: 193630 | Z41: High workload / Can't arrange time | AA41: High workload
A42: 213901 | B42: HOÀNG TIẾN DŨNG | C42: =IFERROR(__xludf.DUMMYFUNCTION("arrayformula(VLOOKUP(to_Text(A42),to_Text(sheet2!$A$1:M1005),13,0))"),"LBU") -> LBU | D42: =IFERROR(__xludf.DUMMYFUNCTION("arrayformula(VLOOKUP(to_Text(A42),to_Text(sheet2!$A$1:M1005),12,0))"),"DEV") -> DEV | E42: =IF(OR(L42="✅ Completed",L42="❌ Dropped"),"Inactive",IF(M42="Waiting for class","Waiting for class","Active")) -> Active | F42: {=IFERROR( INDEX(ATTENDANCE_INPUT!D:D, MATCH(1, (ATTENDANCE_INPUT!A:A=A42) * (ATTENDANCE_INPUT!W:W=MAXIFS(ATTENDANCE_INPUT!W:W, ATTENDANCE_INPUT!A:A, A42)), 0)), "")} -> Dung Hoang | G42: {=IFERROR( INDEX(ATTENDANCE_INPUT!E:E, MATCH(1, (ATTENDANCE_INPUT!A:A=A42) * (ATTENDANCE_INPUT!W:W=MAXIFS(ATTENDANCE_INPUT!W:W, ATTENDANCE_INPUT!A:A, A42)), 0)), "")} -> Communication 2 | H42: {=IF(ISNA(MATCH(A42,sheet2!A:A,0)),"⏳ Chưa test",IFERROR(INDEX(LEVEL_HELPER!A:A,MATCH(INDEX(sheet2!N:N,MATCH(A42,sheet2!A:A,0)),LEVEL_HELPER!B:B,0)),"⏳ Chưa test"))} -> Beginner | I42: {=IF(ISNA(MATCH(A42,sheet2!A:A,0)),H42,IF(INDEX(sheet2!O:O,MATCH(A42,sheet2!A:A,0))>0,IFERROR(INDEX(LEVEL_HELPER!A:A,MATCH(INDEX(sheet2!O:O,MATCH(A42,sheet2!A:A,0)),LEVEL_HELPER!B:B,0)),H42),H42))} -> Pre-Intermediate 1 | J42: =IFERROR(MAXIFS(ATTENDANCE_LOG!F:F, ATTENDANCE_LOG!C:C, A42&"", ATTENDANCE_LOG!G:G, "Present"), "") -> 46210.417 | K42: =IF(J42="", "", TODAY() - J42) -> 2.5833333 | L42: =IF(M42="Completed (no continuation)","✅ Completed",IF(M42="Discontinued mid-course","❌ Dropped",IF(AND(ISNUMBER(K42),K42>=30),"⚠ Check",""))) | P42: =IFERROR(__xludf.DUMMYFUNCTION("IFERROR(COUNTUNIQUEIFS(ATTENDANCE_LOG!B:B,ATTENDANCE_LOG!C:C,A42),0)"),3.0) -> 3 | Q42: {=IFERROR(INDEX(ATTENDANCE_LOG!A:A,MATCH(1,(ATTENDANCE_LOG!C:C=A42)*(ATTENDANCE_LOG!F:F=MAXIFS(ATTENDANCE_LOG!F:F,ATTENDANCE_LOG!C:C,A42)),0)),"")} -> EL024 | R42: {=IFERROR(INDEX(ATTENDANCE_LOG!B:B,MATCH(1,(ATTENDANCE_LOG!C:C=A42)*(ATTENDANCE_LOG!F:F=MAXIFS(ATTENDANCE_LOG!F:F,ATTENDANCE_LOG!C:C,A42)),0)),"")} -> Communication 2 | S42: =IFERROR(VLOOKUP(H42, LEVEL_HELPER!A:B, 2, 0), 0) -> 1 | T42: =IFERROR(VLOOKUP(I42, LEVEL_HELPER!A:B, 2, 0), 0) -> 3 | U42: =IF(S42="",0,IF(S42<=2,1,IF(S42<=4,2,IF(S42<=5.5,3,4)))) -> 1 | V42: =IF(T42="",0,IF(T42<=2,1,IF(T42<=4,2,IF(T42<=5.5,3,4)))) -> 2 | W42: =IF(OR(H42="", H42="Not Placement"), "Not tested yet", IF(V42<U42, "Regressed", IF(V42=U42, IF(T42>S42, "Minor Improvement", "No Progress"), IF(V42-U42=1, "Lv"&U42&"→Lv"&V42, "Lv"&U42&"→Lv"&V42&" (multi)")))) -> Lv1→Lv2 | Y42: 213886 | Z42: Attend English center / 1-1 course | AA42: Prefer other learning methods
A43: 227081 | B43: NGUYỄN HOÀNG PHÚC | C43: =IFERROR(__xludf.DUMMYFUNCTION("arrayformula(VLOOKUP(to_Text(A43),to_Text(sheet2!$A$1:M1005),13,0))"),"MOC") -> MOC | D43: =IFERROR(__xludf.DUMMYFUNCTION("arrayformula(VLOOKUP(to_Text(A43),to_Text(sheet2!$A$1:M1005),12,0))"),"DEV") -> DEV | E43: =IF(OR(L43="✅ Completed",L43="❌ Dropped"),"Inactive",IF(M43="Waiting for class","Waiting for class","Active")) -> Active | F43: {=IFERROR( INDEX(ATTENDANCE_INPUT!D:D, MATCH(1, (ATTENDANCE_INPUT!A:A=A43) * (ATTENDANCE_INPUT!W:W=MAXIFS(ATTENDANCE_INPUT!W:W, ATTENDANCE_INPUT!A:A, A43)), 0)), "")} -> Dung Hoang | G43: {=IFERROR( INDEX(ATTENDANCE_INPUT!E:E, MATCH(1, (ATTENDANCE_INPUT!A:A=A43) * (ATTENDANCE_INPUT!W:W=MAXIFS(ATTENDANCE_INPUT!W:W, ATTENDANCE_INPUT!A:A, A43)), 0)), "")} -> Communication 2 | H43: {=IF(ISNA(MATCH(A43,sheet2!A:A,0)),"⏳ Chưa test",IFERROR(INDEX(LEVEL_HELPER!A:A,MATCH(INDEX(sheet2!N:N,MATCH(A43,sheet2!A:A,0)),LEVEL_HELPER!B:B,0)),"⏳ Chưa test"))} -> Beginner | I43: {=IF(ISNA(MATCH(A43,sheet2!A:A,0)),H43,IF(INDEX(sheet2!O:O,MATCH(A43,sheet2!A:A,0))>0,IFERROR(INDEX(LEVEL_HELPER!A:A,MATCH(INDEX(sheet2!O:O,MATCH(A43,sheet2!A:A,0)),LEVEL_HELPER!B:B,0)),H43),H43))} -> Pre-Intermediate 1 | J43: =IFERROR(MAXIFS(ATTENDANCE_LOG!F:F, ATTENDANCE_LOG!C:C, A43&"", ATTENDANCE_LOG!G:G, "Present"), "") -> 46135.417 | K43: =IF(J43="", "", TODAY() - J43) -> 77.583333 | L43: =IF(M43="Completed (no continuation)","✅ Completed",IF(M43="Discontinued mid-course","❌ Dropped",IF(AND(ISNUMBER(K43),K43>=30),"⚠ Check",""))) -> ⚠ Check | P43: =IFERROR(__xludf.DUMMYFUNCTION("IFERROR(COUNTUNIQUEIFS(ATTENDANCE_LOG!B:B,ATTENDANCE_LOG!C:C,A43),0)"),3.0) -> 3 | Q43: {=IFERROR(INDEX(ATTENDANCE_LOG!A:A,MATCH(1,(ATTENDANCE_LOG!C:C=A43)*(ATTENDANCE_LOG!F:F=MAXIFS(ATTENDANCE_LOG!F:F,ATTENDANCE_LOG!C:C,A43)),0)),"")} -> EL024 | R43: {=IFERROR(INDEX(ATTENDANCE_LOG!B:B,MATCH(1,(ATTENDANCE_LOG!C:C=A43)*(ATTENDANCE_LOG!F:F=MAXIFS(ATTENDANCE_LOG!F:F,ATTENDANCE_LOG!C:C,A43)),0)),"")} -> Communication 2 | S43: =IFERROR(VLOOKUP(H43, LEVEL_HELPER!A:B, 2, 0), 0) -> 1 | T43: =IFERROR(VLOOKUP(I43, LEVEL_HELPER!A:B, 2, 0), 0) -> 3 | U43: =IF(S43="",0,IF(S43<=2,1,IF(S43<=4,2,IF(S43<=5.5,3,4)))) -> 1 | V43: =IF(T43="",0,IF(T43<=2,1,IF(T43<=4,2,IF(T43<=5.5,3,4)))) -> 2 | W43: =IF(OR(H43="", H43="Not Placement"), "Not tested yet", IF(V43<U43, "Regressed", IF(V43=U43, IF(T43>S43, "Minor Improvement", "No Progress"), IF(V43-U43=1, "Lv"&U43&"→Lv"&V43, "Lv"&U43&"→Lv"&V43&" (multi)")))) -> Lv1→Lv2 | Y43: 183405 | Z43: High workload / Can't arrange time | AA43: High workload
A44: 247332 | B44: NGUYỄN PHÚC THANH TOÀN | C44: =IFERROR(__xludf.DUMMYFUNCTION("arrayformula(VLOOKUP(to_Text(A44),to_Text(sheet2!$A$1:M1005),13,0))"),"LBU") -> LBU | D44: =IFERROR(__xludf.DUMMYFUNCTION("arrayformula(VLOOKUP(to_Text(A44),to_Text(sheet2!$A$1:M1005),12,0))"),"DEV") -> DEV | E44: =IF(OR(L44="✅ Completed",L44="❌ Dropped"),"Inactive",IF(M44="Waiting for class","Waiting for class","Active")) -> Active | F44: {=IFERROR( INDEX(ATTENDANCE_INPUT!D:D, MATCH(1, (ATTENDANCE_INPUT!A:A=A44) * (ATTENDANCE_INPUT!W:W=MAXIFS(ATTENDANCE_INPUT!W:W, ATTENDANCE_INPUT!A:A, A44)), 0)), "")} -> Dung Hoang | G44: {=IFERROR( INDEX(ATTENDANCE_INPUT!E:E, MATCH(1, (ATTENDANCE_INPUT!A:A=A44) * (ATTENDANCE_INPUT!W:W=MAXIFS(ATTENDANCE_INPUT!W:W, ATTENDANCE_INPUT!A:A, A44)), 0)), "")} -> Communication 2 | H44: {=IF(ISNA(MATCH(A44,sheet2!A:A,0)),"⏳ Chưa test",IFERROR(INDEX(LEVEL_HELPER!A:A,MATCH(INDEX(sheet2!N:N,MATCH(A44,sheet2!A:A,0)),LEVEL_HELPER!B:B,0)),"⏳ Chưa test"))} -> Beginner | I44: {=IF(ISNA(MATCH(A44,sheet2!A:A,0)),H44,IF(INDEX(sheet2!O:O,MATCH(A44,sheet2!A:A,0))>0,IFERROR(INDEX(LEVEL_HELPER!A:A,MATCH(INDEX(sheet2!O:O,MATCH(A44,sheet2!A:A,0)),LEVEL_HELPER!B:B,0)),H44),H44))} -> Pre-Intermediate 2 | J44: =IFERROR(MAXIFS(ATTENDANCE_LOG!F:F, ATTENDANCE_LOG!C:C, A44&"", ATTENDANCE_LOG!G:G, "Present"), "") -> 46210.417 | K44: =IF(J44="", "", TODAY() - J44) -> 2.5833333 | L44: =IF(M44="Completed (no continuation)","✅ Completed",IF(M44="Discontinued mid-course","❌ Dropped",IF(AND(ISNUMBER(K44),K44>=30),"⚠ Check",""))) | P44: =IFERROR(__xludf.DUMMYFUNCTION("IFERROR(COUNTUNIQUEIFS(ATTENDANCE_LOG!B:B,ATTENDANCE_LOG!C:C,A44),0)"),3.0) -> 3 | Q44: {=IFERROR(INDEX(ATTENDANCE_LOG!A:A,MATCH(1,(ATTENDANCE_LOG!C:C=A44)*(ATTENDANCE_LOG!F:F=MAXIFS(ATTENDANCE_LOG!F:F,ATTENDANCE_LOG!C:C,A44)),0)),"")} -> EL024 | R44: {=IFERROR(INDEX(ATTENDANCE_LOG!B:B,MATCH(1,(ATTENDANCE_LOG!C:C=A44)*(ATTENDANCE_LOG!F:F=MAXIFS(ATTENDANCE_LOG!F:F,ATTENDANCE_LOG!C:C,A44)),0)),"")} -> Communication 2 | S44: =IFERROR(VLOOKUP(H44, LEVEL_HELPER!A:B, 2, 0), 0) -> 1 | T44: =IFERROR(VLOOKUP(I44, LEVEL_HELPER!A:B, 2, 0), 0) -> 3.5 | U44: =IF(S44="",0,IF(S44<=2,1,IF(S44<=4,2,IF(S44<=5.5,3,4)))) -> 1 | V44: =IF(T44="",0,IF(T44<=2,1,IF(T44<=4,2,IF(T44<=5.5,3,4)))) -> 2 | W44: =IF(OR(H44="", H44="Not Placement"), "Not tested yet", IF(V44<U44, "Regressed", IF(V44=U44, IF(T44>S44, "Minor Improvement", "No Progress"), IF(V44-U44=1, "Lv"&U44&"→Lv"&V44, "Lv"&U44&"→Lv"&V44&" (multi)")))) -> Lv1→Lv2 | Y44: 203646 | Z44: High workload / Can't arrange time | AA44: High workload
A45: 193613 | B45: NGUYỄN QUANG TRUNG | C45: =IFERROR(__xludf.DUMMYFUNCTION("arrayformula(VLOOKUP(to_Text(A45),to_Text(sheet2!$A$1:M1005),13,0))"),"MOC") -> MOC | D45: =IFERROR(__xludf.DUMMYFUNCTION("arrayformula(VLOOKUP(to_Text(A45),to_Text(sheet2!$A$1:M1005),12,0))"),"DEV") -> DEV | E45: =IF(OR(L45="✅ Completed",L45="❌ Dropped"),"Inactive",IF(M45="Waiting for class","Waiting for class","Active")) -> Active | F45: {=IFERROR( INDEX(ATTENDANCE_INPUT!D:D, MATCH(1, (ATTENDANCE_INPUT!A:A=A45) * (ATTENDANCE_INPUT!W:W=MAXIFS(ATTENDANCE_INPUT!W:W, ATTENDANCE_INPUT!A:A, A45)), 0)), "")} -> Dung Hoang | G45: {=IFERROR( INDEX(ATTENDANCE_INPUT!E:E, MATCH(1, (ATTENDANCE_INPUT!A:A=A45) * (ATTENDANCE_INPUT!W:W=MAXIFS(ATTENDANCE_INPUT!W:W, ATTENDANCE_INPUT!A:A, A45)), 0)), "")} -> Communication 2 | H45: {=IF(ISNA(MATCH(A45,sheet2!A:A,0)),"⏳ Chưa test",IFERROR(INDEX(LEVEL_HELPER!A:A,MATCH(INDEX(sheet2!N:N,MATCH(A45,sheet2!A:A,0)),LEVEL_HELPER!B:B,0)),"⏳ Chưa test"))} -> Beginner | I45: {=IF(ISNA(MATCH(A45,sheet2!A:A,0)),H45,IF(INDEX(sheet2!O:O,MATCH(A45,sheet2!A:A,0))>0,IFERROR(INDEX(LEVEL_HELPER!A:A,MATCH(INDEX(sheet2!O:O,MATCH(A45,sheet2!A:A,0)),LEVEL_HELPER!B:B,0)),H45),H45))} -> Intermediate 1 | J45: =IFERROR(MAXIFS(ATTENDANCE_LOG!F:F, ATTENDANCE_LOG!C:C, A45&"", ATTENDANCE_LOG!G:G, "Present"), "") -> 46210.417 | K45: =IF(J45="", "", TODAY() - J45) -> 2.5833333 | L45: =IF(M45="Completed (no continuation)","✅ Completed",IF(M45="Discontinued mid-course","❌ Dropped",IF(AND(ISNUMBER(K45),K45>=30),"⚠ Check",""))) | P45: =IFERROR(__xludf.DUMMYFUNCTION("IFERROR(COUNTUNIQUEIFS(ATTENDANCE_LOG!B:B,ATTENDANCE_LOG!C:C,A45),0)"),3.0) -> 3 | Q45: {=IFERROR(INDEX(ATTENDANCE_LOG!A:A,MATCH(1,(ATTENDANCE_LOG!C:C=A45)*(ATTENDANCE_LOG!F:F=MAXIFS(ATTENDANCE_LOG!F:F,ATTENDANCE_LOG!C:C,A45)),0)),"")} -> EL024 | R45: {=IFERROR(INDEX(ATTENDANCE_LOG!B:B,MATCH(1,(ATTENDANCE_LOG!C:C=A45)*(ATTENDANCE_LOG!F:F=MAXIFS(ATTENDANCE_LOG!F:F,ATTENDANCE_LOG!C:C,A45)),0)),"")} -> Communication 2 | S45: =IFERROR(VLOOKUP(H45, LEVEL_HELPER!A:B, 2, 0), 0) -> 1 | T45: =IFERROR(VLOOKUP(I45, LEVEL_HELPER!A:B, 2, 0), 0) -> 5 | U45: =IF(S45="",0,IF(S45<=2,1,IF(S45<=4,2,IF(S45<=5.5,3,4)))) -> 1 | V45: =IF(T45="",0,IF(T45<=2,1,IF(T45<=4,2,IF(T45<=5.5,3,4)))) -> 3 | W45: =IF(OR(H45="", H45="Not Placement"), "Not tested yet", IF(V45<U45, "Regressed", IF(V45=U45, IF(T45>S45, "Minor Improvement", "No Progress"), IF(V45-U45=1, "Lv"&U45&"→Lv"&V45, "Lv"&U45&"→Lv"&V45&" (multi)")))) -> Lv1→Lv3 (multi) | Y45: 183310 | Z45: High workload / Can't arrange time | AA45: High workload
A46: 247097 | B46: NGUYỄN THÀNH PHƯỚC | C46: =IFERROR(__xludf.DUMMYFUNCTION("arrayformula(VLOOKUP(to_Text(A46),to_Text(sheet2!$A$1:M1005),13,0))"),"MOC") -> MOC | D46: =IFERROR(__xludf.DUMMYFUNCTION("arrayformula(VLOOKUP(to_Text(A46),to_Text(sheet2!$A$1:M1005),12,0))"),"DEV") -> DEV | E46: =IF(OR(L46="✅ Completed",L46="❌ Dropped"),"Inactive",IF(M46="Waiting for class","Waiting for class","Active")) -> Active | F46: {=IFERROR( INDEX(ATTENDANCE_INPUT!D:D, MATCH(1, (ATTENDANCE_INPUT!A:A=A46) * (ATTENDANCE_INPUT!W:W=MAXIFS(ATTENDANCE_INPUT!W:W, ATTENDANCE_INPUT!A:A, A46)), 0)), "")} -> Dung Hoang | G46: {=IFERROR( INDEX(ATTENDANCE_INPUT!E:E, MATCH(1, (ATTENDANCE_INPUT!A:A=A46) * (ATTENDANCE_INPUT!W:W=MAXIFS(ATTENDANCE_INPUT!W:W, ATTENDANCE_INPUT!A:A, A46)), 0)), "")} -> Communication 2 | H46: {=IF(ISNA(MATCH(A46,sheet2!A:A,0)),"⏳ Chưa test",IFERROR(INDEX(LEVEL_HELPER!A:A,MATCH(INDEX(sheet2!N:N,MATCH(A46,sheet2!A:A,0)),LEVEL_HELPER!B:B,0)),"⏳ Chưa test"))} -> Beginner | I46: {=IF(ISNA(MATCH(A46,sheet2!A:A,0)),H46,IF(INDEX(sheet2!O:O,MATCH(A46,sheet2!A:A,0))>0,IFERROR(INDEX(LEVEL_HELPER!A:A,MATCH(INDEX(sheet2!O:O,MATCH(A46,sheet2!A:A,0)),LEVEL_HELPER!B:B,0)),H46),H46))} -> Pre-Intermediate 1 | J46: =IFERROR(MAXIFS(ATTENDANCE_LOG!F:F, ATTENDANCE_LOG!C:C, A46&"", ATTENDANCE_LOG!G:G, "Present"), "") -> 46210.417 | K46: =IF(J46="", "", TODAY() - J46) -> 2.5833333 | L46: =IF(M46="Completed (no continuation)","✅ Completed",IF(M46="Discontinued mid-course","❌ Dropped",IF(AND(ISNUMBER(K46),K46>=30),"⚠ Check",""))) | P46: =IFERROR(__xludf.DUMMYFUNCTION("IFERROR(COUNTUNIQUEIFS(ATTENDANCE_LOG!B:B,ATTENDANCE_LOG!C:C,A46),0)"),3.0) -> 3 | Q46: {=IFERROR(INDEX(ATTENDANCE_LOG!A:A,MATCH(1,(ATTENDANCE_LOG!C:C=A46)*(ATTENDANCE_LOG!F:F=MAXIFS(ATTENDANCE_LOG!F:F,ATTENDANCE_LOG!C:C,A46)),0)),"")} -> EL024 | R46: {=IFERROR(INDEX(ATTENDANCE_LOG!B:B,MATCH(1,(ATTENDANCE_LOG!C:C=A46)*(ATTENDANCE_LOG!F:F=MAXIFS(ATTENDANCE_LOG!F:F,ATTENDANCE_LOG!C:C,A46)),0)),"")} -> Communication 2 | S46: =IFERROR(VLOOKUP(H46, LEVEL_HELPER!A:B, 2, 0), 0) -> 1 | T46: =IFERROR(VLOOKUP(I46, LEVEL_HELPER!A:B, 2, 0), 0) -> 3 | U46: =IF(S46="",0,IF(S46<=2,1,IF(S46<=4,2,IF(S46<=5.5,3,4)))) -> 1 | V46: =IF(T46="",0,IF(T46<=2,1,IF(T46<=4,2,IF(T46<=5.5,3,4)))) -> 2 | W46: =IF(OR(H46="", H46="Not Placement"), "Not tested yet", IF(V46<U46, "Regressed", IF(V46=U46, IF(T46>S46, "Minor Improvement", "No Progress"), IF(V46-U46=1, "Lv"&U46&"→Lv"&V46, "Lv"&U46&"→Lv"&V46&" (multi)")))) -> Lv1→Lv2 | Y46: 227227 | Z46: Left | AA46: Resgined
A47: 247086 | B47: THỚI PHI LONG | C47: =IFERROR(__xludf.DUMMYFUNCTION("arrayformula(VLOOKUP(to_Text(A47),to_Text(sheet2!$A$1:M1005),13,0))"),"LBU") -> LBU | D47: =IFERROR(__xludf.DUMMYFUNCTION("arrayformula(VLOOKUP(to_Text(A47),to_Text(sheet2!$A$1:M1005),12,0))"),"DEV") -> DEV | E47: =IF(OR(L47="✅ Completed",L47="❌ Dropped"),"Inactive",IF(M47="Waiting for class","Waiting for class","Active")) -> Inactive | F47: {=IFERROR( INDEX(ATTENDANCE_INPUT!D:D, MATCH(1, (ATTENDANCE_INPUT!A:A=A47) * (ATTENDANCE_INPUT!W:W=MAXIFS(ATTENDANCE_INPUT!W:W, ATTENDANCE_INPUT!A:A, A47)), 0)), "")} -> Dung Hoang | G47: {=IFERROR( INDEX(ATTENDANCE_INPUT!E:E, MATCH(1, (ATTENDANCE_INPUT!A:A=A47) * (ATTENDANCE_INPUT!W:W=MAXIFS(ATTENDANCE_INPUT!W:W, ATTENDANCE_INPUT!A:A, A47)), 0)), "")} -> Communication 1 | H47: {=IF(ISNA(MATCH(A47,sheet2!A:A,0)),"⏳ Chưa test",IFERROR(INDEX(LEVEL_HELPER!A:A,MATCH(INDEX(sheet2!N:N,MATCH(A47,sheet2!A:A,0)),LEVEL_HELPER!B:B,0)),"⏳ Chưa test"))} -> ⏳ Chưa test | I47: {=IF(ISNA(MATCH(A47,sheet2!A:A,0)),H47,IF(INDEX(sheet2!O:O,MATCH(A47,sheet2!A:A,0))>0,IFERROR(INDEX(LEVEL_HELPER!A:A,MATCH(INDEX(sheet2!O:O,MATCH(A47,sheet2!A:A,0)),LEVEL_HELPER!B:B,0)),H47),H47))} -> ⏳ Chưa test | J47: =IFERROR(MAXIFS(ATTENDANCE_LOG!F:F, ATTENDANCE_LOG!C:C, A47&"", ATTENDANCE_LOG!G:G, "Present"), "") -> 45818.375 | K47: =IF(J47="", "", TODAY() - J47) -> 394.625 | L47: =IF(M47="Completed (no continuation)","✅ Completed",IF(M47="Discontinued mid-course","❌ Dropped",IF(AND(ISNUMBER(K47),K47>=30),"⚠ Check",""))) -> ❌ Dropped | M47: Discontinued mid-course | N47: Resign | P47: =IFERROR(__xludf.DUMMYFUNCTION("IFERROR(COUNTUNIQUEIFS(ATTENDANCE_LOG!B:B,ATTENDANCE_LOG!C:C,A47),0)"),2.0) -> 2 | Q47: {=IFERROR(INDEX(ATTENDANCE_LOG!A:A,MATCH(1,(ATTENDANCE_LOG!C:C=A47)*(ATTENDANCE_LOG!F:F=MAXIFS(ATTENDANCE_LOG!F:F,ATTENDANCE_LOG!C:C,A47)),0)),"")} -> EL024 | R47: {=IFERROR(INDEX(ATTENDANCE_LOG!B:B,MATCH(1,(ATTENDANCE_LOG!C:C=A47)*(ATTENDANCE_LOG!F:F=MAXIFS(ATTENDANCE_LOG!F:F,ATTENDANCE_LOG!C:C,A47)),0)),"")} -> Communication 2 | S47: =IFERROR(VLOOKUP(H47, LEVEL_HELPER!A:B, 2, 0), 0) -> 0 | T47: =IFERROR(VLOOKUP(I47, LEVEL_HELPER!A:B, 2, 0), 0) -> 0 | U47: =IF(S47="",0,IF(S47<=2,1,IF(S47<=4,2,IF(S47<=5.5,3,4)))) -> 1 | V47: =IF(T47="",0,IF(T47<=2,1,IF(T47<=4,2,IF(T47<=5.5,3,4)))) -> 1 | W47: =IF(OR(H47="", H47="Not Placement"), "Not tested yet", IF(V47<U47, "Regressed", IF(V47=U47, IF(T47>S47, "Minor Improvement", "No Progress"), IF(V47-U47=1, "Lv"&U47&"→Lv"&V47, "Lv"&U47&"→Lv"&V47&" (multi)")))) -> No Progress | Y47: 237236 | Z47: Left | AA47: Resgined
A48: 237117 | B48: HUỲNH TẤN PHÁT | C48: =IFERROR(__xludf.DUMMYFUNCTION("arrayformula(VLOOKUP(to_Text(A48),to_Text(sheet2!$A$1:M1005),13,0))"),"TBU") -> TBU | D48: =IFERROR(__xludf.DUMMYFUNCTION("arrayformula(VLOOKUP(to_Text(A48),to_Text(sheet2!$A$1:M1005),12,0))"),"DEV") -> DEV | E48: =IF(OR(L48="✅ Completed",L48="❌ Dropped"),"Inactive",IF(M48="Waiting for class","Waiting for class","Active")) -> Active | F48: {=IFERROR( INDEX(ATTENDANCE_INPUT!D:D, MATCH(1, (ATTENDANCE_INPUT!A:A=A48) * (ATTENDANCE_INPUT!W:W=MAXIFS(ATTENDANCE_INPUT!W:W, ATTENDANCE_INPUT!A:A, A48)), 0)), "")} -> Hung Nguyen | G48: {=IFERROR( INDEX(ATTENDANCE_INPUT!E:E, MATCH(1, (ATTENDANCE_INPUT!A:A=A48) * (ATTENDANCE_INPUT!W:W=MAXIFS(ATTENDANCE_INPUT!W:W, ATTENDANCE_INPUT!A:A, A48)), 0)), "")} -> Business English | H48: {=IF(ISNA(MATCH(A48,sheet2!A:A,0)),"⏳ Chưa test",IFERROR(INDEX(LEVEL_HELPER!A:A,MATCH(INDEX(sheet2!N:N,MATCH(A48,sheet2!A:A,0)),LEVEL_HELPER!B:B,0)),"⏳ Chưa test"))} -> Beginner | I48: {=IF(ISNA(MATCH(A48,sheet2!A:A,0)),H48,IF(INDEX(sheet2!O:O,MATCH(A48,sheet2!A:A,0))>0,IFERROR(INDEX(LEVEL_HELPER!A:A,MATCH(INDEX(sheet2!O:O,MATCH(A48,sheet2!A:A,0)),LEVEL_HELPER!B:B,0)),H48),H48))} -> Intermediate 1 | J48: =IFERROR(MAXIFS(ATTENDANCE_LOG!F:F, ATTENDANCE_LOG!C:C, A48&"", ATTENDANCE_LOG!G:G, "Present"), "") -> 46205.458 | K48: =IF(J48="", "", TODAY() - J48) -> 7.5416667 | L48: =IF(M48="Completed (no continuation)","✅ Completed",IF(M48="Discontinued mid-course","❌ Dropped",IF(AND(ISNUMBER(K48),K48>=30),"⚠ Check",""))) | P48: =IFERROR(__xludf.DUMMYFUNCTION("IFERROR(COUNTUNIQUEIFS(ATTENDANCE_LOG!B:B,ATTENDANCE_LOG!C:C,A48),0)"),3.0) -> 3 | Q48: {=IFERROR(INDEX(ATTENDANCE_LOG!A:A,MATCH(1,(ATTENDANCE_LOG!C:C=A48)*(ATTENDANCE_LOG!F:F=MAXIFS(ATTENDANCE_LOG!F:F,ATTENDANCE_LOG!C:C,A48)),0)),"")} -> EL008 | R48: {=IFERROR(INDEX(ATTENDANCE_LOG!B:B,MATCH(1,(ATTENDANCE_LOG!C:C=A48)*(ATTENDANCE_LOG!F:F=MAXIFS(ATTENDANCE_LOG!F:F,ATTENDANCE_LOG!C:C,A48)),0)),"")} -> Business English | S48: =IFERROR(VLOOKUP(H48, LEVEL_HELPER!A:B, 2, 0), 0) -> 1 | T48: =IFERROR(VLOOKUP(I48, LEVEL_HELPER!A:B, 2, 0), 0) -> 5 | U48: =IF(S48="",0,IF(S48<=2,1,IF(S48<=4,2,IF(S48<=5.5,3,4)))) -> 1 | V48: =IF(T48="",0,IF(T48<=2,1,IF(T48<=4,2,IF(T48<=5.5,3,4)))) -> 3 | W48: =IF(OR(H48="", H48="Not Placement"), "Not tested yet", IF(V48<U48, "Regressed", IF(V48=U48, IF(T48>S48, "Minor Improvement", "No Progress"), IF(V48-U48=1, "Lv"&U48&"→Lv"&V48, "Lv"&U48&"→Lv"&V48&" (multi)")))) -> Lv1→Lv3 (multi) | Y48: 237152 | Z48: High workload / Can't arrange time | AA48: High workload
A49: 203780 | B49: LÊ HOÀNG NGUYỄN | C49: =IFERROR(__xludf.DUMMYFUNCTION("arrayformula(VLOOKUP(to_Text(A49),to_Text(sheet2!$A$1:M1005),13,0))"),"TBU") -> TBU | D49: =IFERROR(__xludf.DUMMYFUNCTION("arrayformula(VLOOKUP(to_Text(A49),to_Text(sheet2!$A$1:M1005),12,0))"),"QC") -> QC | E49: =IF(OR(L49="✅ Completed",L49="❌ Dropped"),"Inactive",IF(M49="Waiting for class","Waiting for class","Active")) -> Active | F49: {=IFERROR( INDEX(ATTENDANCE_INPUT!D:D, MATCH(1, (ATTENDANCE_INPUT!A:A=A49) * (ATTENDANCE_INPUT!W:W=MAXIFS(ATTENDANCE_INPUT!W:W, ATTENDANCE_INPUT!A:A, A49)), 0)), "")} -> Hung Nguyen | G49: {=IFERROR( INDEX(ATTENDANCE_INPUT!E:E, MATCH(1, (ATTENDANCE_INPUT!A:A=A49) * (ATTENDANCE_INPUT!W:W=MAXIFS(ATTENDANCE_INPUT!W:W, ATTENDANCE_INPUT!A:A, A49)), 0)), "")} -> Business English | H49: {=IF(ISNA(MATCH(A49,sheet2!A:A,0)),"⏳ Chưa test",IFERROR(INDEX(LEVEL_HELPER!A:A,MATCH(INDEX(sheet2!N:N,MATCH(A49,sheet2!A:A,0)),LEVEL_HELPER!B:B,0)),"⏳ Chưa test"))} -> Beginner | I49: {=IF(ISNA(MATCH(A49,sheet2!A:A,0)),H49,IF(INDEX(sheet2!O:O,MATCH(A49,sheet2!A:A,0))>0,IFERROR(INDEX(LEVEL_HELPER!A:A,MATCH(INDEX(sheet2!O:O,MATCH(A49,sheet2!A:A,0)),LEVEL_HELPER!B:B,0)),H49),H49))} -> Intermediate | J49: =IFERROR(MAXIFS(ATTENDANCE_LOG!F:F, ATTENDANCE_LOG!C:C, A49&"", ATTENDANCE_LOG!G:G, "Present"), "") -> 46212.458 | K49: =IF(J49="", "", TODAY() - J49) -> 0.54166667 | L49: =IF(M49="Completed (no continuation)","✅ Completed",IF(M49="Discontinued mid-course","❌ Dropped",IF(AND(ISNUMBER(K49),K49>=30),"⚠ Check",""))) | P49: =IFERROR(__xludf.DUMMYFUNCTION("IFERROR(COUNTUNIQUEIFS(ATTENDANCE_LOG!B:B,ATTENDANCE_LOG!C:C,A49),0)"),3.0) -> 3 | Q49: {=IFERROR(INDEX(ATTENDANCE_LOG!A:A,MATCH(1,(ATTENDANCE_LOG!C:C=A49)*(ATTENDANCE_LOG!F:F=MAXIFS(ATTENDANCE_LOG!F:F,ATTENDANCE_LOG!C:C,A49)),0)),"")} -> EL008 | R49: {=IFERROR(INDEX(ATTENDANCE_LOG!B:B,MATCH(1,(ATTENDANCE_LOG!C:C=A49)*(ATTENDANCE_LOG!F:F=MAXIFS(ATTENDANCE_LOG!F:F,ATTENDANCE_LOG!C:C,A49)),0)),"")} -> Business English | S49: =IFERROR(VLOOKUP(H49, LEVEL_HELPER!A:B, 2, 0), 0) -> 1 | T49: =IFERROR(VLOOKUP(I49, LEVEL_HELPER!A:B, 2, 0), 0) -> 4.5 | U49: =IF(S49="",0,IF(S49<=2,1,IF(S49<=4,2,IF(S49<=5.5,3,4)))) -> 1 | V49: =IF(T49="",0,IF(T49<=2,1,IF(T49<=4,2,IF(T49<=5.5,3,4)))) -> 3 | W49: =IF(OR(H49="", H49="Not Placement"), "Not tested yet", IF(V49<U49, "Regressed", IF(V49=U49, IF(T49>S49, "Minor Improvement", "No Progress"), IF(V49-U49=1, "Lv"&U49&"→Lv"&V49, "Lv"&U49&"→Lv"&V49&" (multi)")))) -> Lv1→Lv3 (multi) | Y49: 247273 | Z49: High workload / Can't arrange time | AA49: High workload
A50: 193523 | B50: PHẠM HỮU TUẤN | C50: =IFERROR(__xludf.DUMMYFUNCTION("arrayformula(VLOOKUP(to_Text(A50),to_Text(sheet2!$A$1:M1005),13,0))"),"TBU") -> TBU | D50: =IFERROR(__xludf.DUMMYFUNCTION("arrayformula(VLOOKUP(to_Text(A50),to_Text(sheet2!$A$1:M1005),12,0))"),"DEV") -> DEV | E50: =IF(OR(L50="✅ Completed",L50="❌ Dropped"),"Inactive",IF(M50="Waiting for class","Waiting for class","Active")) -> Active | F50: {=IFERROR( INDEX(ATTENDANCE_INPUT!D:D, MATCH(1, (ATTENDANCE_INPUT!A:A=A50) * (ATTENDANCE_INPUT!W:W=MAXIFS(ATTENDANCE_INPUT!W:W, ATTENDANCE_INPUT!A:A, A50)), 0)), "")} -> Hung Nguyen | G50: {=IFERROR( INDEX(ATTENDANCE_INPUT!E:E, MATCH(1, (ATTENDANCE_INPUT!A:A=A50) * (ATTENDANCE_INPUT!W:W=MAXIFS(ATTENDANCE_INPUT!W:W, ATTENDANCE_INPUT!A:A, A50)), 0)), "")} -> Business English | H50: {=IF(ISNA(MATCH(A50,sheet2!A:A,0)),"⏳ Chưa test",IFERROR(INDEX(LEVEL_HELPER!A:A,MATCH(INDEX(sheet2!N:N,MATCH(A50,sheet2!A:A,0)),LEVEL_HELPER!B:B,0)),"⏳ Chưa test"))} -> Beginner | I50: {=IF(ISNA(MATCH(A50,sheet2!A:A,0)),H50,IF(INDEX(sheet2!O:O,MATCH(A50,sheet2!A:A,0))>0,IFERROR(INDEX(LEVEL_HELPER!A:A,MATCH(INDEX(sheet2!O:O,MATCH(A50,sheet2!A:A,0)),LEVEL_HELPER!B:B,0)),H50),H50))} -> Intermediate 1 | J50: =IFERROR(MAXIFS(ATTENDANCE_LOG!F:F, ATTENDANCE_LOG!C:C, A50&"", ATTENDANCE_LOG!G:G, "Present"), "") -> 46212.458 | K50: =IF(J50="", "", TODAY() - J50) -> 0.54166667 | L50: =IF(M50="Completed (no continuation)","✅ Completed",IF(M50="Discontinued mid-course","❌ Dropped",IF(AND(ISNUMBER(K50),K50>=30),"⚠ Check",""))) | P50: =IFERROR(__xludf.DUMMYFUNCTION("IFERROR(COUNTUNIQUEIFS(ATTENDANCE_LOG!B:B,ATTENDANCE_LOG!C:C,A50),0)"),3.0) -> 3 | Q50: {=IFERROR(INDEX(ATTENDANCE_LOG!A:A,MATCH(1,(ATTENDANCE_LOG!C:C=A50)*(ATTENDANCE_LOG!F:F=MAXIFS(ATTENDANCE_LOG!F:F,ATTENDANCE_LOG!C:C,A50)),0)),"")} -> EL008 | R50: {=IFERROR(INDEX(ATTENDANCE_LOG!B:B,MATCH(1,(ATTENDANCE_LOG!C:C=A50)*(ATTENDANCE_LOG!F:F=MAXIFS(ATTENDANCE_LOG!F:F,ATTENDANCE_LOG!C:C,A50)),0)),"")} -> Business English | S50: =IFERROR(VLOOKUP(H50, LEVEL_HELPER!A:B, 2, 0), 0) -> 1 | T50: =IFERROR(VLOOKUP(I50, LEVEL_HELPER!A:B, 2, 0), 0) -> 5 | U50: =IF(S50="",0,IF(S50<=2,1,IF(S50<=4,2,IF(S50<=5.5,3,4)))) -> 1 | V50: =IF(T50="",0,IF(T50<=2,1,IF(T50<=4,2,IF(T50<=5.5,3,4)))) -> 3 | W50: =IF(OR(H50="", H50="Not Placement"), "Not tested yet", IF(V50<U50, "Regressed", IF(V50=U50, IF(T50>S50, "Minor Improvement", "No Progress"), IF(V50-U50=1, "Lv"&U50&"→Lv"&V50, "Lv"&U50&"→Lv"&V50&" (multi)")))) -> Lv1→Lv3 (multi) | Y50: 193552 | Z50: Left | AA50: Resgined
A51: 193526 | B51: TRẦN ĐÌNH CHIẾN | C51: =IFERROR(__xludf.DUMMYFUNCTION("arrayformula(VLOOKUP(to_Text(A51),to_Text(sheet2!$A$1:M1005),13,0))"),"TBU") -> TBU | D51: =IFERROR(__xludf.DUMMYFUNCTION("arrayformula(VLOOKUP(to_Text(A51),to_Text(sheet2!$A$1:M1005),12,0))"),"DEV") -> DEV | E51: =IF(OR(L51="✅ Completed",L51="❌ Dropped"),"Inactive",IF(M51="Waiting for class","Waiting for class","Active")) -> Active | F51: {=IFERROR( INDEX(ATTENDANCE_INPUT!D:D, MATCH(1, (ATTENDANCE_INPUT!A:A=A51) * (ATTENDANCE_INPUT!W:W=MAXIFS(ATTENDANCE_INPUT!W:W, ATTENDANCE_INPUT!A:A, A51)), 0)), "")} -> Hung Nguyen | G51: {=IFERROR( INDEX(ATTENDANCE_INPUT!E:E, MATCH(1, (ATTENDANCE_INPUT!A:A=A51) * (ATTENDANCE_INPUT!W:W=MAXIFS(ATTENDANCE_INPUT!W:W, ATTENDANCE_INPUT!A:A, A51)), 0)), "")} -> Business English | H51: {=IF(ISNA(MATCH(A51,sheet2!A:A,0)),"⏳ Chưa test",IFERROR(INDEX(LEVEL_HELPER!A:A,MATCH(INDEX(sheet2!N:N,MATCH(A51,sheet2!A:A,0)),LEVEL_HELPER!B:B,0)),"⏳ Chưa test"))} -> Beginner | I51: {=IF(ISNA(MATCH(A51,sheet2!A:A,0)),H51,IF(INDEX(sheet2!O:O,MATCH(A51,sheet2!A:A,0))>0,IFERROR(INDEX(LEVEL_HELPER!A:A,MATCH(INDEX(sheet2!O:O,MATCH(A51,sheet2!A:A,0)),LEVEL_HELPER!B:B,0)),H51),H51))} -> Intermediate 1 | J51: =IFERROR(MAXIFS(ATTENDANCE_LOG!F:F, ATTENDANCE_LOG!C:C, A51&"", ATTENDANCE_LOG!G:G, "Present"), "") -> 46212.458 | K51: =IF(J51="", "", TODAY() - J51) -> 0.54166667 | L51: =IF(M51="Completed (no continuation)","✅ Completed",IF(M51="Discontinued mid-course","❌ Dropped",IF(AND(ISNUMBER(K51),K51>=30),"⚠ Check",""))) | P51: =IFERROR(__xludf.DUMMYFUNCTION("IFERROR(COUNTUNIQUEIFS(ATTENDANCE_LOG!B:B,ATTENDANCE_LOG!C:C,A51),0)"),3.0) -> 3 | Q51: {=IFERROR(INDEX(ATTENDANCE_LOG!A:A,MATCH(1,(ATTENDANCE_LOG!C:C=A51)*(ATTENDANCE_LOG!F:F=MAXIFS(ATTENDANCE_LOG!F:F,ATTENDANCE_LOG!C:C,A51)),0)),"")} -> EL008 | R51: {=IFERROR(INDEX(ATTENDANCE_LOG!B:B,MATCH(1,(ATTENDANCE_LOG!C:C=A51)*(ATTENDANCE_LOG!F:F=MAXIFS(ATTENDANCE_LOG!F:F,ATTENDANCE_LOG!C:C,A51)),0)),"")} -> Business English | S51: =IFERROR(VLOOKUP(H51, LEVEL_HELPER!A:B, 2, 0), 0) -> 1 | T51: =IFERROR(VLOOKUP(I51, LEVEL_HELPER!A:B, 2, 0), 0) -> 5 | U51: =IF(S51="",0,IF(S51<=2,1,IF(S51<=4,2,IF(S51<=5.5,3,4)))) -> 1 | V51: =IF(T51="",0,IF(T51<=2,1,IF(T51<=4,2,IF(T51<=5.5,3,4)))) -> 3 | W51: =IF(OR(H51="", H51="Not Placement"), "Not tested yet", IF(V51<U51, "Regressed", IF(V51=U51, IF(T51>S51, "Minor Improvement", "No Progress"), IF(V51-U51=1, "Lv"&U51&"→Lv"&V51, "Lv"&U51&"→Lv"&V51&" (multi)")))) -> Lv1→Lv3 (multi)
A52: 237161 | B52: TRẦN VĂN HÀ | C52: =IFERROR(__xludf.DUMMYFUNCTION("arrayformula(VLOOKUP(to_Text(A52),to_Text(sheet2!$A$1:M1005),13,0))"),"TBU") -> TBU | D52: =IFERROR(__xludf.DUMMYFUNCTION("arrayformula(VLOOKUP(to_Text(A52),to_Text(sheet2!$A$1:M1005),12,0))"),"DEV") -> DEV | E52: =IF(OR(L52="✅ Completed",L52="❌ Dropped"),"Inactive",IF(M52="Waiting for class","Waiting for class","Active")) -> Inactive | F52: {=IFERROR( INDEX(ATTENDANCE_INPUT!D:D, MATCH(1, (ATTENDANCE_INPUT!A:A=A52) * (ATTENDANCE_INPUT!W:W=MAXIFS(ATTENDANCE_INPUT!W:W, ATTENDANCE_INPUT!A:A, A52)), 0)), "")} -> Hung Nguyen | G52: {=IFERROR( INDEX(ATTENDANCE_INPUT!E:E, MATCH(1, (ATTENDANCE_INPUT!A:A=A52) * (ATTENDANCE_INPUT!W:W=MAXIFS(ATTENDANCE_INPUT!W:W, ATTENDANCE_INPUT!A:A, A52)), 0)), "")} -> Communication 2 | H52: {=IF(ISNA(MATCH(A52,sheet2!A:A,0)),"⏳ Chưa test",IFERROR(INDEX(LEVEL_HELPER!A:A,MATCH(INDEX(sheet2!N:N,MATCH(A52,sheet2!A:A,0)),LEVEL_HELPER!B:B,0)),"⏳ Chưa test"))} -> Beginner | I52: {=IF(ISNA(MATCH(A52,sheet2!A:A,0)),H52,IF(INDEX(sheet2!O:O,MATCH(A52,sheet2!A:A,0))>0,IFERROR(INDEX(LEVEL_HELPER!A:A,MATCH(INDEX(sheet2!O:O,MATCH(A52,sheet2!A:A,0)),LEVEL_HELPER!B:B,0)),H52),H52))} -> Intermediate 1 | J52: =IFERROR(MAXIFS(ATTENDANCE_LOG!F:F, ATTENDANCE_LOG!C:C, A52&"", ATTENDANCE_LOG!G:G, "Present"), "") -> 46212.458 | K52: =IF(J52="", "", TODAY() - J52) -> 0.54166667 | L52: =IF(M52="Completed (no continuation)","✅ Completed",IF(M52="Discontinued mid-course","❌ Dropped",IF(AND(ISNUMBER(K52),K52>=30),"⚠ Check",""))) -> ❌ Dropped | M52: Discontinued mid-course | N52: Learning goal achieved | P52: =IFERROR(__xludf.DUMMYFUNCTION("IFERROR(COUNTUNIQUEIFS(ATTENDANCE_LOG!B:B,ATTENDANCE_LOG!C:C,A52),0)"),3.0) -> 3 | Q52: {=IFERROR(INDEX(ATTENDANCE_LOG!A:A,MATCH(1,(ATTENDANCE_LOG!C:C=A52)*(ATTENDANCE_LOG!F:F=MAXIFS(ATTENDANCE_LOG!F:F,ATTENDANCE_LOG!C:C,A52)),0)),"")} -> EL008 | R52: {=IFERROR(INDEX(ATTENDANCE_LOG!B:B,MATCH(1,(ATTENDANCE_LOG!C:C=A52)*(ATTENDANCE_LOG!F:F=MAXIFS(ATTENDANCE_LOG!F:F,ATTENDANCE_LOG!C:C,A52)),0)),"")} -> Business English | S52: =IFERROR(VLOOKUP(H52, LEVEL_HELPER!A:B, 2, 0), 0) -> 1 | T52: =IFERROR(VLOOKUP(I52, LEVEL_HELPER!A:B, 2, 0), 0) -> 5 | U52: =IF(S52="",0,IF(S52<=2,1,IF(S52<=4,2,IF(S52<=5.5,3,4)))) -> 1 | V52: =IF(T52="",0,IF(T52<=2,1,IF(T52<=4,2,IF(T52<=5.5,3,4)))) -> 3 | W52: =IF(OR(H52="", H52="Not Placement"), "Not tested yet", IF(V52<U52, "Regressed", IF(V52=U52, IF(T52>S52, "Minor Improvement", "No Progress"), IF(V52-U52=1, "Lv"&U52&"→Lv"&V52, "Lv"&U52&"→Lv"&V52&" (multi)")))) -> Lv1→Lv3 (multi)
A53: 237008 | B53: LẠC MINH HOÀNG | C53: =IFERROR(__xludf.DUMMYFUNCTION("arrayformula(VLOOKUP(to_Text(A53),to_Text(sheet2!$A$1:M1005),13,0))"),"LBU") -> LBU | D53: =IFERROR(__xludf.DUMMYFUNCTION("arrayformula(VLOOKUP(to_Text(A53),to_Text(sheet2!$A$1:M1005),12,0))"),"GSD") -> GSD | E53: =IF(OR(L53="✅ Completed",L53="❌ Dropped"),"Inactive",IF(M53="Waiting for class","Waiting for class","Active")) -> Inactive | F53: {=IFERROR( INDEX(ATTENDANCE_INPUT!D:D, MATCH(1, (ATTENDANCE_INPUT!A:A=A53) * (ATTENDANCE_INPUT!W:W=MAXIFS(ATTENDANCE_INPUT!W:W, ATTENDANCE_INPUT!A:A, A53)), 0)), "")} -> Huong Le | G53: {=IFERROR( INDEX(ATTENDANCE_INPUT!E:E, MATCH(1, (ATTENDANCE_INPUT!A:A=A53) * (ATTENDANCE_INPUT!W:W=MAXIFS(ATTENDANCE_INPUT!W:W, ATTENDANCE_INPUT!A:A, A53)), 0)), "")} -> Communication 2 | H53: {=IF(ISNA(MATCH(A53,sheet2!A:A,0)),"⏳ Chưa test",IFERROR(INDEX(LEVEL_HELPER!A:A,MATCH(INDEX(sheet2!N:N,MATCH(A53,sheet2!A:A,0)),LEVEL_HELPER!B:B,0)),"⏳ Chưa test"))} -> Beginner | I53: {=IF(ISNA(MATCH(A53,sheet2!A:A,0)),H53,IF(INDEX(sheet2!O:O,MATCH(A53,sheet2!A:A,0))>0,IFERROR(INDEX(LEVEL_HELPER!A:A,MATCH(INDEX(sheet2!O:O,MATCH(A53,sheet2!A:A,0)),LEVEL_HELPER!B:B,0)),H53),H53))} -> Beginner 2 | J53: =IFERROR(MAXIFS(ATTENDANCE_LOG!F:F, ATTENDANCE_LOG!C:C, A53&"", ATTENDANCE_LOG!G:G, "Present"), "") -> 46115.542 | K53: =IF(J53="", "", TODAY() - J53) -> 97.458333 | L53: =IF(M53="Completed (no continuation)","✅ Completed",IF(M53="Discontinued mid-course","❌ Dropped",IF(AND(ISNUMBER(K53),K53>=30),"⚠ Check",""))) -> ✅ Completed | M53: Completed (no continuation) | N53: Learning goal achieved | P53: =IFERROR(__xludf.DUMMYFUNCTION("IFERROR(COUNTUNIQUEIFS(ATTENDANCE_LOG!B:B,ATTENDANCE_LOG!C:C,A53),0)"),2.0) -> 2 | Q53: {=IFERROR(INDEX(ATTENDANCE_LOG!A:A,MATCH(1,(ATTENDANCE_LOG!C:C=A53)*(ATTENDANCE_LOG!F:F=MAXIFS(ATTENDANCE_LOG!F:F,ATTENDANCE_LOG!C:C,A53)),0)),"")} -> EL009 | R53: {=IFERROR(INDEX(ATTENDANCE_LOG!B:B,MATCH(1,(ATTENDANCE_LOG!C:C=A53)*(ATTENDANCE_LOG!F:F=MAXIFS(ATTENDANCE_LOG!F:F,ATTENDANCE_LOG!C:C,A53)),0)),"")} -> Communication 2 | S53: =IFERROR(VLOOKUP(H53, LEVEL_HELPER!A:B, 2, 0), 0) -> 1 | T53: =IFERROR(VLOOKUP(I53, LEVEL_HELPER!A:B, 2, 0), 0) -> 1.5 | U53: =IF(S53="",0,IF(S53<=2,1,IF(S53<=4,2,IF(S53<=5.5,3,4)))) -> 1 | V53: =IF(T53="",0,IF(T53<=2,1,IF(T53<=4,2,IF(T53<=5.5,3,4)))) -> 1 | W53: =IF(OR(H53="", H53="Not Placement"), "Not tested yet", IF(V53<U53, "Regressed", IF(V53=U53, IF(T53>S53, "Minor Improvement", "No Progress"), IF(V53-U53=1, "Lv"&U53&"→Lv"&V53, "Lv"&U53&"→Lv"&V53&" (multi)")))) -> Minor Improvement
A54: 227160 | B54: LÊ THỊ LAN HƯƠNG | C54: =IFERROR(__xludf.DUMMYFUNCTION("arrayformula(VLOOKUP(to_Text(A54),to_Text(sheet2!$A$1:M1005),13,0))"),"LBU") -> LBU | D54: =IFERROR(__xludf.DUMMYFUNCTION("arrayformula(VLOOKUP(to_Text(A54),to_Text(sheet2!$A$1:M1005),12,0))"),"GSD") -> GSD | E54: =IF(OR(L54="✅ Completed",L54="❌ Dropped"),"Inactive",IF(M54="Waiting for class","Waiting for class","Active")) -> Inactive | F54: {=IFERROR( INDEX(ATTENDANCE_INPUT!D:D, MATCH(1, (ATTENDANCE_INPUT!A:A=A54) * (ATTENDANCE_INPUT!W:W=MAXIFS(ATTENDANCE_INPUT!W:W, ATTENDANCE_INPUT!A:A, A54)), 0)), "")} -> Huong Le | G54: {=IFERROR( INDEX(ATTENDANCE_INPUT!E:E, MATCH(1, (ATTENDANCE_INPUT!A:A=A54) * (ATTENDANCE_INPUT!W:W=MAXIFS(ATTENDANCE_INPUT!W:W, ATTENDANCE_INPUT!A:A, A54)), 0)), "")} -> Communication 2 | H54: {=IF(ISNA(MATCH(A54,sheet2!A:A,0)),"⏳ Chưa test",IFERROR(INDEX(LEVEL_HELPER!A:A,MATCH(INDEX(sheet2!N:N,MATCH(A54,sheet2!A:A,0)),LEVEL_HELPER!B:B,0)),"⏳ Chưa test"))} -> Beginner | I54: {=IF(ISNA(MATCH(A54,sheet2!A:A,0)),H54,IF(INDEX(sheet2!O:O,MATCH(A54,sheet2!A:A,0))>0,IFERROR(INDEX(LEVEL_HELPER!A:A,MATCH(INDEX(sheet2!O:O,MATCH(A54,sheet2!A:A,0)),LEVEL_HELPER!B:B,0)),H54),H54))} -> Pre-Intermediate 1 | J54: =IFERROR(MAXIFS(ATTENDANCE_LOG!F:F, ATTENDANCE_LOG!C:C, A54&"", ATTENDANCE_LOG!G:G, "Present"), "") -> 46115.542 | K54: =IF(J54="", "", TODAY() - J54) -> 97.458333 | L54: =IF(M54="Completed (no continuation)","✅ Completed",IF(M54="Discontinued mid-course","❌ Dropped",IF(AND(ISNUMBER(K54),K54>=30),"⚠ Check",""))) -> ✅ Completed | M54: Completed (no continuation) | N54: Prefer different learning format | P54: =IFERROR(__xludf.DUMMYFUNCTION("IFERROR(COUNTUNIQUEIFS(ATTENDANCE_LOG!B:B,ATTENDANCE_LOG!C:C,A54),0)"),2.0) -> 2 | Q54: {=IFERROR(INDEX(ATTENDANCE_LOG!A:A,MATCH(1,(ATTENDANCE_LOG!C:C=A54)*(ATTENDANCE_LOG!F:F=MAXIFS(ATTENDANCE_LOG!F:F,ATTENDANCE_LOG!C:C,A54)),0)),"")} -> EL009 | R54: {=IFERROR(INDEX(ATTENDANCE_LOG!B:B,MATCH(1,(ATTENDANCE_LOG!C:C=A54)*(ATTENDANCE_LOG!F:F=MAXIFS(ATTENDANCE_LOG!F:F,ATTENDANCE_LOG!C:C,A54)),0)),"")} -> Communication 2 | S54: =IFERROR(VLOOKUP(H54, LEVEL_HELPER!A:B, 2, 0), 0) -> 1 | T54: =IFERROR(VLOOKUP(I54, LEVEL_HELPER!A:B, 2, 0), 0) -> 3 | U54: =IF(S54="",0,IF(S54<=2,1,IF(S54<=4,2,IF(S54<=5.5,3,4)))) -> 1 | V54: =IF(T54="",0,IF(T54<=2,1,IF(T54<=4,2,IF(T54<=5.5,3,4)))) -> 2 | W54: =IF(OR(H54="", H54="Not Placement"), "Not tested yet", IF(V54<U54, "Regressed", IF(V54=U54, IF(T54>S54, "Minor Improvement", "No Progress"), IF(V54-U54=1, "Lv"&U54&"→Lv"&V54, "Lv"&U54&"→Lv"&V54&" (multi)")))) -> Lv1→Lv2 | Y54: 227174 | Z54: Attend English center / 1-1 course | AA54: Prefer other learning methods
A55: 237206 | B55: LƯƠNG TRÀ VY | C55: =IFERROR(__xludf.DUMMYFUNCTION("arrayformula(VLOOKUP(to_Text(A55),to_Text(sheet2!$A$1:M1005),13,0))"),"LBU") -> LBU | D55: =IFERROR(__xludf.DUMMYFUNCTION("arrayformula(VLOOKUP(to_Text(A55),to_Text(sheet2!$A$1:M1005),12,0))"),"GSD") -> GSD | E55: =IF(OR(L55="✅ Completed",L55="❌ Dropped"),"Inactive",IF(M55="Waiting for class","Waiting for class","Active")) -> Inactive | F55: {=IFERROR( INDEX(ATTENDANCE_INPUT!D:D, MATCH(1, (ATTENDANCE_INPUT!A:A=A55) * (ATTENDANCE_INPUT!W:W=MAXIFS(ATTENDANCE_INPUT!W:W, ATTENDANCE_INPUT!A:A, A55)), 0)), "")} -> Huong Le | G55: {=IFERROR( INDEX(ATTENDANCE_INPUT!E:E, MATCH(1, (ATTENDANCE_INPUT!A:A=A55) * (ATTENDANCE_INPUT!W:W=MAXIFS(ATTENDANCE_INPUT!W:W, ATTENDANCE_INPUT!A:A, A55)), 0)), "")} -> Communication 2 | H55: {=IF(ISNA(MATCH(A55,sheet2!A:A,0)),"⏳ Chưa test",IFERROR(INDEX(LEVEL_HELPER!A:A,MATCH(INDEX(sheet2!N:N,MATCH(A55,sheet2!A:A,0)),LEVEL_HELPER!B:B,0)),"⏳ Chưa test"))} -> Beginner | I55: {=IF(ISNA(MATCH(A55,sheet2!A:A,0)),H55,IF(INDEX(sheet2!O:O,MATCH(A55,sheet2!A:A,0))>0,IFERROR(INDEX(LEVEL_HELPER!A:A,MATCH(INDEX(sheet2!O:O,MATCH(A55,sheet2!A:A,0)),LEVEL_HELPER!B:B,0)),H55),H55))} -> Intermediate 1 | J55: =IFERROR(MAXIFS(ATTENDANCE_LOG!F:F, ATTENDANCE_LOG!C:C, A55&"", ATTENDANCE_LOG!G:G, "Present"), "") -> 46115.542 | K55: =IF(J55="", "", TODAY() - J55) -> 97.458333 | L55: =IF(M55="Completed (no continuation)","✅ Completed",IF(M55="Discontinued mid-course","❌ Dropped",IF(AND(ISNUMBER(K55),K55>=30),"⚠ Check",""))) -> ✅ Completed | M55: Completed (no continuation) | N55: Learning goal achieved | P55: =IFERROR(__xludf.DUMMYFUNCTION("IFERROR(COUNTUNIQUEIFS(ATTENDANCE_LOG!B:B,ATTENDANCE_LOG!C:C,A55),0)"),2.0) -> 2 | Q55: {=IFERROR(INDEX(ATTENDANCE_LOG!A:A,MATCH(1,(ATTENDANCE_LOG!C:C=A55)*(ATTENDANCE_LOG!F:F=MAXIFS(ATTENDANCE_LOG!F:F,ATTENDANCE_LOG!C:C,A55)),0)),"")} -> EL009 | R55: {=IFERROR(INDEX(ATTENDANCE_LOG!B:B,MATCH(1,(ATTENDANCE_LOG!C:C=A55)*(ATTENDANCE_LOG!F:F=MAXIFS(ATTENDANCE_LOG!F:F,ATTENDANCE_LOG!C:C,A55)),0)),"")} -> Communication 2 | S55: =IFERROR(VLOOKUP(H55, LEVEL_HELPER!A:B, 2, 0), 0) -> 1 | T55: =IFERROR(VLOOKUP(I55, LEVEL_HELPER!A:B, 2, 0), 0) -> 5 | U55: =IF(S55="",0,IF(S55<=2,1,IF(S55<=4,2,IF(S55<=5.5,3,4)))) -> 1 | V55: =IF(T55="",0,IF(T55<=2,1,IF(T55<=4,2,IF(T55<=5.5,3,4)))) -> 3 | W55: =IF(OR(H55="", H55="Not Placement"), "Not tested yet", IF(V55<U55, "Regressed", IF(V55=U55, IF(T55>S55, "Minor Improvement", "No Progress"), IF(V55-U55=1, "Lv"&U55&"→Lv"&V55, "Lv"&U55&"→Lv"&V55&" (multi)")))) -> Lv1→Lv3 (multi)
A56: 193447 | B56: NGUYỄN ANH ĐỨC | C56: =IFERROR(__xludf.DUMMYFUNCTION("arrayformula(VLOOKUP(to_Text(A56),to_Text(sheet2!$A$1:M1005),13,0))"),"LBU") -> LBU | D56: =IFERROR(__xludf.DUMMYFUNCTION("arrayformula(VLOOKUP(to_Text(A56),to_Text(sheet2!$A$1:M1005),12,0))"),"DEV") -> DEV | E56: =IF(OR(L56="✅ Completed",L56="❌ Dropped"),"Inactive",IF(M56="Waiting for class","Waiting for class","Active")) -> Inactive | F56: {=IFERROR( INDEX(ATTENDANCE_INPUT!D:D, MATCH(1, (ATTENDANCE_INPUT!A:A=A56) * (ATTENDANCE_INPUT!W:W=MAXIFS(ATTENDANCE_INPUT!W:W, ATTENDANCE_INPUT!A:A, A56)), 0)), "")} -> Huong Le | G56: {=IFERROR( INDEX(ATTENDANCE_INPUT!E:E, MATCH(1, (ATTENDANCE_INPUT!A:A=A56) * (ATTENDANCE_INPUT!W:W=MAXIFS(ATTENDANCE_INPUT!W:W, ATTENDANCE_INPUT!A:A, A56)), 0)), "")} -> Communication 2 | H56: {=IF(ISNA(MATCH(A56,sheet2!A:A,0)),"⏳ Chưa test",IFERROR(INDEX(LEVEL_HELPER!A:A,MATCH(INDEX(sheet2!N:N,MATCH(A56,sheet2!A:A,0)),LEVEL_HELPER!B:B,0)),"⏳ Chưa test"))} -> Pre-Intermediate | I56: {=IF(ISNA(MATCH(A56,sheet2!A:A,0)),H56,IF(INDEX(sheet2!O:O,MATCH(A56,sheet2!A:A,0))>0,IFERROR(INDEX(LEVEL_HELPER!A:A,MATCH(INDEX(sheet2!O:O,MATCH(A56,sheet2!A:A,0)),LEVEL_HELPER!B:B,0)),H56),H56))} -> Intermediate 2 | J56: =IFERROR(MAXIFS(ATTENDANCE_LOG!F:F, ATTENDANCE_LOG!C:C, A56&"", ATTENDANCE_LOG!G:G, "Present"), "") -> 46115.542 | K56: =IF(J56="", "", TODAY() - J56) -> 97.458333 | L56: =IF(M56="Completed (no continuation)","✅ Completed",IF(M56="Discontinued mid-course","❌ Dropped",IF(AND(ISNUMBER(K56),K56>=30),"⚠ Check",""))) -> ✅ Completed | M56: Completed (no continuation) | N56: Learning goal achieved | P56: =IFERROR(__xludf.DUMMYFUNCTION("IFERROR(COUNTUNIQUEIFS(ATTENDANCE_LOG!B:B,ATTENDANCE_LOG!C:C,A56),0)"),2.0) -> 2 | Q56: {=IFERROR(INDEX(ATTENDANCE_LOG!A:A,MATCH(1,(ATTENDANCE_LOG!C:C=A56)*(ATTENDANCE_LOG!F:F=MAXIFS(ATTENDANCE_LOG!F:F,ATTENDANCE_LOG!C:C,A56)),0)),"")} -> EL009 | R56: {=IFERROR(INDEX(ATTENDANCE_LOG!B:B,MATCH(1,(ATTENDANCE_LOG!C:C=A56)*(ATTENDANCE_LOG!F:F=MAXIFS(ATTENDANCE_LOG!F:F,ATTENDANCE_LOG!C:C,A56)),0)),"")} -> Communication 2 | S56: =IFERROR(VLOOKUP(H56, LEVEL_HELPER!A:B, 2, 0), 0) -> 2.5 | T56: =IFERROR(VLOOKUP(I56, LEVEL_HELPER!A:B, 2, 0), 0) -> 5.5 | U56: =IF(S56="",0,IF(S56<=2,1,IF(S56<=4,2,IF(S56<=5.5,3,4)))) -> 2 | V56: =IF(T56="",0,IF(T56<=2,1,IF(T56<=4,2,IF(T56<=5.5,3,4)))) -> 3 | W56: =IF(OR(H56="", H56="Not Placement"), "Not tested yet", IF(V56<U56, "Regressed", IF(V56=U56, IF(T56>S56, "Minor Improvement", "No Progress"), IF(V56-U56=1, "Lv"&U56&"→Lv"&V56, "Lv"&U56&"→Lv"&V56&" (multi)")))) -> Lv2→Lv3 | Y56: 213828 | Z56: Left | AA56: Resgined
A57: 247187 | B57: NGUYỄN MINH THƯ | C57: =IFERROR(__xludf.DUMMYFUNCTION("arrayformula(VLOOKUP(to_Text(A57),to_Text(sheet2!$A$1:M1005),13,0))"),"LBU") -> LBU | D57: =IFERROR(__xludf.DUMMYFUNCTION("arrayformula(VLOOKUP(to_Text(A57),to_Text(sheet2!$A$1:M1005),12,0))"),"GSD") -> GSD | E57: =IF(OR(L57="✅ Completed",L57="❌ Dropped"),"Inactive",IF(M57="Waiting for class","Waiting for class","Active")) -> Inactive | F57: {=IFERROR( INDEX(ATTENDANCE_INPUT!D:D, MATCH(1, (ATTENDANCE_INPUT!A:A=A57) * (ATTENDANCE_INPUT!W:W=MAXIFS(ATTENDANCE_INPUT!W:W, ATTENDANCE_INPUT!A:A, A57)), 0)), "")} -> Huong Le | G57: {=IFERROR( INDEX(ATTENDANCE_INPUT!E:E, MATCH(1, (ATTENDANCE_INPUT!A:A=A57) * (ATTENDANCE_INPUT!W:W=MAXIFS(ATTENDANCE_INPUT!W:W, ATTENDANCE_INPUT!A:A, A57)), 0)), "")} -> Communication 2 | H57: {=IF(ISNA(MATCH(A57,sheet2!A:A,0)),"⏳ Chưa test",IFERROR(INDEX(LEVEL_HELPER!A:A,MATCH(INDEX(sheet2!N:N,MATCH(A57,sheet2!A:A,0)),LEVEL_HELPER!B:B,0)),"⏳ Chưa test"))} -> Pre-Intermediate | I57: {=IF(ISNA(MATCH(A57,sheet2!A:A,0)),H57,IF(INDEX(sheet2!O:O,MATCH(A57,sheet2!A:A,0))>0,IFERROR(INDEX(LEVEL_HELPER!A:A,MATCH(INDEX(sheet2!O:O,MATCH(A57,sheet2!A:A,0)),LEVEL_HELPER!B:B,0)),H57),H57))} -> Intermediate 1 | J57: =IFERROR(MAXIFS(ATTENDANCE_LOG!F:F, ATTENDANCE_LOG!C:C, A57&"", ATTENDANCE_LOG!G:G, "Present"), "") -> 46115.542 | K57: =IF(J57="", "", TODAY() - J57) -> 97.458333 | L57: =IF(M57="Completed (no continuation)","✅ Completed",IF(M57="Discontinued mid-course","❌ Dropped",IF(AND(ISNUMBER(K57),K57>=30),"⚠ Check",""))) -> ✅ Completed | M57: Completed (no continuation) | N57: Learning goal achieved | P57: =IFERROR(__xludf.DUMMYFUNCTION("IFERROR(COUNTUNIQUEIFS(ATTENDANCE_LOG!B:B,ATTENDANCE_LOG!C:C,A57),0)"),2.0) -> 2 | Q57: {=IFERROR(INDEX(ATTENDANCE_LOG!A:A,MATCH(1,(ATTENDANCE_LOG!C:C=A57)*(ATTENDANCE_LOG!F:F=MAXIFS(ATTENDANCE_LOG!F:F,ATTENDANCE_LOG!C:C,A57)),0)),"")} -> EL009 | R57: {=IFERROR(INDEX(ATTENDANCE_LOG!B:B,MATCH(1,(ATTENDANCE_LOG!C:C=A57)*(ATTENDANCE_LOG!F:F=MAXIFS(ATTENDANCE_LOG!F:F,ATTENDANCE_LOG!C:C,A57)),0)),"")} -> Communication 2 | S57: =IFERROR(VLOOKUP(H57, LEVEL_HELPER!A:B, 2, 0), 0) -> 2.5 | T57: =IFERROR(VLOOKUP(I57, LEVEL_HELPER!A:B, 2, 0), 0) -> 5 | U57: =IF(S57="",0,IF(S57<=2,1,IF(S57<=4,2,IF(S57<=5.5,3,4)))) -> 2 | V57: =IF(T57="",0,IF(T57<=2,1,IF(T57<=4,2,IF(T57<=5.5,3,4)))) -> 3 | W57: =IF(OR(H57="", H57="Not Placement"), "Not tested yet", IF(V57<U57, "Regressed", IF(V57=U57, IF(T57>S57, "Minor Improvement", "No Progress"), IF(V57-U57=1, "Lv"&U57&"→Lv"&V57, "Lv"&U57&"→Lv"&V57&" (multi)")))) -> Lv2→Lv3 | Y57: 203700 | Z57: Left | AA57: Resgined
A58: 237158 | B58: NGUYỄN THÀNH PHI | C58: =IFERROR(__xludf.DUMMYFUNCTION("arrayformula(VLOOKUP(to_Text(A58),to_Text(sheet2!$A$1:M1005),13,0))"),"LBU") -> LBU | D58: =IFERROR(__xludf.DUMMYFUNCTION("arrayformula(VLOOKUP(to_Text(A58),to_Text(sheet2!$A$1:M1005),12,0))"),"GSD") -> GSD | E58: =IF(OR(L58="✅ Completed",L58="❌ Dropped"),"Inactive",IF(M58="Waiting for class","Waiting for class","Active")) -> Inactive | F58: {=IFERROR( INDEX(ATTENDANCE_INPUT!D:D, MATCH(1, (ATTENDANCE_INPUT!A:A=A58) * (ATTENDANCE_INPUT!W:W=MAXIFS(ATTENDANCE_INPUT!W:W, ATTENDANCE_INPUT!A:A, A58)), 0)), "")} -> Huong Le | G58: {=IFERROR( INDEX(ATTENDANCE_INPUT!E:E, MATCH(1, (ATTENDANCE_INPUT!A:A=A58) * (ATTENDANCE_INPUT!W:W=MAXIFS(ATTENDANCE_INPUT!W:W, ATTENDANCE_INPUT!A:A, A58)), 0)), "")} -> Communication 2 | H58: {=IF(ISNA(MATCH(A58,sheet2!A:A,0)),"⏳ Chưa test",IFERROR(INDEX(LEVEL_HELPER!A:A,MATCH(INDEX(sheet2!N:N,MATCH(A58,sheet2!A:A,0)),LEVEL_HELPER!B:B,0)),"⏳ Chưa test"))} -> Beginner | I58: {=IF(ISNA(MATCH(A58,sheet2!A:A,0)),H58,IF(INDEX(sheet2!O:O,MATCH(A58,sheet2!A:A,0))>0,IFERROR(INDEX(LEVEL_HELPER!A:A,MATCH(INDEX(sheet2!O:O,MATCH(A58,sheet2!A:A,0)),LEVEL_HELPER!B:B,0)),H58),H58))} -> Intermediate 2 | J58: =IFERROR(MAXIFS(ATTENDANCE_LOG!F:F, ATTENDANCE_LOG!C:C, A58&"", ATTENDANCE_LOG!G:G, "Present"), "") -> 46115.542 | K58: =IF(J58="", "", TODAY() - J58) -> 97.458333 | L58: =IF(M58="Completed (no continuation)","✅ Completed",IF(M58="Discontinued mid-course","❌ Dropped",IF(AND(ISNUMBER(K58),K58>=30),"⚠ Check",""))) -> ✅ Completed | M58: Completed (no continuation) | N58: Learning goal achieved | P58: =IFERROR(__xludf.DUMMYFUNCTION("IFERROR(COUNTUNIQUEIFS(ATTENDANCE_LOG!B:B,ATTENDANCE_LOG!C:C,A58),0)"),2.0) -> 2 | Q58: {=IFERROR(INDEX(ATTENDANCE_LOG!A:A,MATCH(1,(ATTENDANCE_LOG!C:C=A58)*(ATTENDANCE_LOG!F:F=MAXIFS(ATTENDANCE_LOG!F:F,ATTENDANCE_LOG!C:C,A58)),0)),"")} -> EL009 | R58: {=IFERROR(INDEX(ATTENDANCE_LOG!B:B,MATCH(1,(ATTENDANCE_LOG!C:C=A58)*(ATTENDANCE_LOG!F:F=MAXIFS(ATTENDANCE_LOG!F:F,ATTENDANCE_LOG!C:C,A58)),0)),"")} -> Communication 2 | S58: =IFERROR(VLOOKUP(H58, LEVEL_HELPER!A:B, 2, 0), 0) -> 1 | T58: =IFERROR(VLOOKUP(I58, LEVEL_HELPER!A:B, 2, 0), 0) -> 5.5 | U58: =IF(S58="",0,IF(S58<=2,1,IF(S58<=4,2,IF(S58<=5.5,3,4)))) -> 1 | V58: =IF(T58="",0,IF(T58<=2,1,IF(T58<=4,2,IF(T58<=5.5,3,4)))) -> 3 | W58: =IF(OR(H58="", H58="Not Placement"), "Not tested yet", IF(V58<U58, "Regressed", IF(V58=U58, IF(T58>S58, "Minor Improvement", "No Progress"), IF(V58-U58=1, "Lv"&U58&"→Lv"&V58, "Lv"&U58&"→Lv"&V58&" (multi)")))) -> Lv1→Lv3 (multi)
A59: 247043 | B59: NGUYỄN THỊ HỒNG ĐÀO | C59: =IFERROR(__xludf.DUMMYFUNCTION("arrayformula(VLOOKUP(to_Text(A59),to_Text(sheet2!$A$1:M1005),13,0))"),"LBU") -> LBU | D59: =IFERROR(__xludf.DUMMYFUNCTION("arrayformula(VLOOKUP(to_Text(A59),to_Text(sheet2!$A$1:M1005),12,0))"),"GSD") -> GSD | E59: =IF(OR(L59="✅ Completed",L59="❌ Dropped"),"Inactive",IF(M59="Waiting for class","Waiting for class","Active")) -> Inactive | F59: {=IFERROR( INDEX(ATTENDANCE_INPUT!D:D, MATCH(1, (ATTENDANCE_INPUT!A:A=A59) * (ATTENDANCE_INPUT!W:W=MAXIFS(ATTENDANCE_INPUT!W:W, ATTENDANCE_INPUT!A:A, A59)), 0)), "")} -> Huong Le | G59: {=IFERROR( INDEX(ATTENDANCE_INPUT!E:E, MATCH(1, (ATTENDANCE_INPUT!A:A=A59) * (ATTENDANCE_INPUT!W:W=MAXIFS(ATTENDANCE_INPUT!W:W, ATTENDANCE_INPUT!A:A, A59)), 0)), "")} -> Communication 2 | H59: {=IF(ISNA(MATCH(A59,sheet2!A:A,0)),"⏳ Chưa test",IFERROR(INDEX(LEVEL_HELPER!A:A,MATCH(INDEX(sheet2!N:N,MATCH(A59,sheet2!A:A,0)),LEVEL_HELPER!B:B,0)),"⏳ Chưa test"))} -> Beginner | I59: {=IF(ISNA(MATCH(A59,sheet2!A:A,0)),H59,IF(INDEX(sheet2!O:O,MATCH(A59,sheet2!A:A,0))>0,IFERROR(INDEX(LEVEL_HELPER!A:A,MATCH(INDEX(sheet2!O:O,MATCH(A59,sheet2!A:A,0)),LEVEL_HELPER!B:B,0)),H59),H59))} -> Pre-Intermediate 1 | J59: =IFERROR(MAXIFS(ATTENDANCE_LOG!F:F, ATTENDANCE_LOG!C:C, A59&"", ATTENDANCE_LOG!G:G, "Present"), "") -> 46115.542 | K59: =IF(J59="", "", TODAY() - J59) -> 97.458333 | L59: =IF(M59="Completed (no continuation)","✅ Completed",IF(M59="Discontinued mid-course","❌ Dropped",IF(AND(ISNUMBER(K59),K59>=30),"⚠ Check",""))) -> ✅ Completed | M59: Completed (no continuation) | N59: Learning goal achieved | P59: =IFERROR(__xludf.DUMMYFUNCTION("IFERROR(COUNTUNIQUEIFS(ATTENDANCE_LOG!B:B,ATTENDANCE_LOG!C:C,A59),0)"),2.0) -> 2 | Q59: {=IFERROR(INDEX(ATTENDANCE_LOG!A:A,MATCH(1,(ATTENDANCE_LOG!C:C=A59)*(ATTENDANCE_LOG!F:F=MAXIFS(ATTENDANCE_LOG!F:F,ATTENDANCE_LOG!C:C,A59)),0)),"")} -> EL009 | R59: {=IFERROR(INDEX(ATTENDANCE_LOG!B:B,MATCH(1,(ATTENDANCE_LOG!C:C=A59)*(ATTENDANCE_LOG!F:F=MAXIFS(ATTENDANCE_LOG!F:F,ATTENDANCE_LOG!C:C,A59)),0)),"")} -> Communication 2 | S59: =IFERROR(VLOOKUP(H59, LEVEL_HELPER!A:B, 2, 0), 0) -> 1 | T59: =IFERROR(VLOOKUP(I59, LEVEL_HELPER!A:B, 2, 0), 0) -> 3 | U59: =IF(S59="",0,IF(S59<=2,1,IF(S59<=4,2,IF(S59<=5.5,3,4)))) -> 1 | V59: =IF(T59="",0,IF(T59<=2,1,IF(T59<=4,2,IF(T59<=5.5,3,4)))) -> 2 | W59: =IF(OR(H59="", H59="Not Placement"), "Not tested yet", IF(V59<U59, "Regressed", IF(V59=U59, IF(T59>S59, "Minor Improvement", "No Progress"), IF(V59-U59=1, "Lv"&U59&"→Lv"&V59, "Lv"&U59&"→Lv"&V59&" (multi)")))) -> Lv1→Lv2
A60: 227092 | B60: PHẠM THỊ BÍCH THÚY | C60: =IFERROR(__xludf.DUMMYFUNCTION("arrayformula(VLOOKUP(to_Text(A60),to_Text(sheet2!$A$1:M1005),13,0))"),"LBU") -> LBU | D60: =IFERROR(__xludf.DUMMYFUNCTION("arrayformula(VLOOKUP(to_Text(A60),to_Text(sheet2!$A$1:M1005),12,0))"),"GSD") -> GSD | E60: =IF(OR(L60="✅ Completed",L60="❌ Dropped"),"Inactive",IF(M60="Waiting for class","Waiting for class","Active")) -> Inactive | F60: {=IFERROR( INDEX(ATTENDANCE_INPUT!D:D, MATCH(1, (ATTENDANCE_INPUT!A:A=A60) * (ATTENDANCE_INPUT!W:W=MAXIFS(ATTENDANCE_INPUT!W:W, ATTENDANCE_INPUT!A:A, A60)), 0)), "")} -> Huong Le | G60: {=IFERROR( INDEX(ATTENDANCE_INPUT!E:E, MATCH(1, (ATTENDANCE_INPUT!A:A=A60) * (ATTENDANCE_INPUT!W:W=MAXIFS(ATTENDANCE_INPUT!W:W, ATTENDANCE_INPUT!A:A, A60)), 0)), "")} -> Communication 2 | H60: {=IF(ISNA(MATCH(A60,sheet2!A:A,0)),"⏳ Chưa test",IFERROR(INDEX(LEVEL_HELPER!A:A,MATCH(INDEX(sheet2!N:N,MATCH(A60,sheet2!A:A,0)),LEVEL_HELPER!B:B,0)),"⏳ Chưa test"))} -> Intermediate | I60: {=IF(ISNA(MATCH(A60,sheet2!A:A,0)),H60,IF(INDEX(sheet2!O:O,MATCH(A60,sheet2!A:A,0))>0,IFERROR(INDEX(LEVEL_HELPER!A:A,MATCH(INDEX(sheet2!O:O,MATCH(A60,sheet2!A:A,0)),LEVEL_HELPER!B:B,0)),H60),H60))} -> Intermediate 1 | J60: =IFERROR(MAXIFS(ATTENDANCE_LOG!F:F, ATTENDANCE_LOG!C:C, A60&"", ATTENDANCE_LOG!G:G, "Present"), "") -> 46115.542 | K60: =IF(J60="", "", TODAY() - J60) -> 97.458333 | L60: =IF(M60="Completed (no continuation)","✅ Completed",IF(M60="Discontinued mid-course","❌ Dropped",IF(AND(ISNUMBER(K60),K60>=30),"⚠ Check",""))) -> ✅ Completed | M60: Completed (no continuation) | N60: Learning goal achieved | P60: =IFERROR(__xludf.DUMMYFUNCTION("IFERROR(COUNTUNIQUEIFS(ATTENDANCE_LOG!B:B,ATTENDANCE_LOG!C:C,A60),0)"),2.0) -> 2 | Q60: {=IFERROR(INDEX(ATTENDANCE_LOG!A:A,MATCH(1,(ATTENDANCE_LOG!C:C=A60)*(ATTENDANCE_LOG!F:F=MAXIFS(ATTENDANCE_LOG!F:F,ATTENDANCE_LOG!C:C,A60)),0)),"")} -> EL009 | R60: {=IFERROR(INDEX(ATTENDANCE_LOG!B:B,MATCH(1,(ATTENDANCE_LOG!C:C=A60)*(ATTENDANCE_LOG!F:F=MAXIFS(ATTENDANCE_LOG!F:F,ATTENDANCE_LOG!C:C,A60)),0)),"")} -> Communication 2 | S60: =IFERROR(VLOOKUP(H60, LEVEL_HELPER!A:B, 2, 0), 0) -> 4.5 | T60: =IFERROR(VLOOKUP(I60, LEVEL_HELPER!A:B, 2, 0), 0) -> 5 | U60: =IF(S60="",0,IF(S60<=2,1,IF(S60<=4,2,IF(S60<=5.5,3,4)))) -> 3 | V60: =IF(T60="",0,IF(T60<=2,1,IF(T60<=4,2,IF(T60<=5.5,3,4)))) -> 3 | W60: =IF(OR(H60="", H60="Not Placement"), "Not tested yet", IF(V60<U60, "Regressed", IF(V60=U60, IF(T60>S60, "Minor Improvement", "No Progress"), IF(V60-U60=1, "Lv"&U60&"→Lv"&V60, "Lv"&U60&"→Lv"&V60&" (multi)")))) -> Minor Improvement | Y60: 213812 | Z60: Attend English center / 1-1 course | AA60: Prefer other learning methods
A61: 237207 | B61: NGUYỄN THÙY GIANG | C61: =IFERROR(__xludf.DUMMYFUNCTION("arrayformula(VLOOKUP(to_Text(A61),to_Text(sheet2!$A$1:M1005),13,0))"),"ONC") -> ONC | D61: =IFERROR(__xludf.DUMMYFUNCTION("arrayformula(VLOOKUP(to_Text(A61),to_Text(sheet2!$A$1:M1005),12,0))"),"GSD") -> GSD | E61: =IF(OR(L61="✅ Completed",L61="❌ Dropped"),"Inactive",IF(M61="Waiting for class","Waiting for class","Active")) -> Inactive | F61: {=IFERROR( INDEX(ATTENDANCE_INPUT!D:D, MATCH(1, (ATTENDANCE_INPUT!A:A=A61) * (ATTENDANCE_INPUT!W:W=MAXIFS(ATTENDANCE_INPUT!W:W, ATTENDANCE_INPUT!A:A, A61)), 0)), "")} -> Huong Le | G61: {=IFERROR( INDEX(ATTENDANCE_INPUT!E:E, MATCH(1, (ATTENDANCE_INPUT!A:A=A61) * (ATTENDANCE_INPUT!W:W=MAXIFS(ATTENDANCE_INPUT!W:W, ATTENDANCE_INPUT!A:A, A61)), 0)), "")} -> Communication 2 | H61: {=IF(ISNA(MATCH(A61,sheet2!A:A,0)),"⏳ Chưa test",IFERROR(INDEX(LEVEL_HELPER!A:A,MATCH(INDEX(sheet2!N:N,MATCH(A61,sheet2!A:A,0)),LEVEL_HELPER!B:B,0)),"⏳ Chưa test"))} -> Pre-Intermediate | I61: {=IF(ISNA(MATCH(A61,sheet2!A:A,0)),H61,IF(INDEX(sheet2!O:O,MATCH(A61,sheet2!A:A,0))>0,IFERROR(INDEX(LEVEL_HELPER!A:A,MATCH(INDEX(sheet2!O:O,MATCH(A61,sheet2!A:A,0)),LEVEL_HELPER!B:B,0)),H61),H61))} -> Pre-Intermediate 2 | J61: =IFERROR(MAXIFS(ATTENDANCE_LOG!F:F, ATTENDANCE_LOG!C:C, A61&"", ATTENDANCE_LOG!G:G, "Present"), "") -> 46017.542 | K61: =IF(J61="", "", TODAY() - J61) -> 195.45833 | L61: =IF(M61="Completed (no continuation)","✅ Completed",IF(M61="Discontinued mid-course","❌ Dropped",IF(AND(ISNUMBER(K61),K61>=30),"⚠ Check",""))) -> ❌ Dropped | M61: Discontinued mid-course | N61: Resign | P61: =IFERROR(__xludf.DUMMYFUNCTION("IFERROR(COUNTUNIQUEIFS(ATTENDANCE_LOG!B:B,ATTENDANCE_LOG!C:C,A61),0)"),2.0) -> 2 | Q61: {=IFERROR(INDEX(ATTENDANCE_LOG!A:A,MATCH(1,(ATTENDANCE_LOG!C:C=A61)*(ATTENDANCE_LOG!F:F=MAXIFS(ATTENDANCE_LOG!F:F,ATTENDANCE_LOG!C:C,A61)),0)),"")} -> EL009 | R61: {=IFERROR(INDEX(ATTENDANCE_LOG!B:B,MATCH(1,(ATTENDANCE_LOG!C:C=A61)*(ATTENDANCE_LOG!F:F=MAXIFS(ATTENDANCE_LOG!F:F,ATTENDANCE_LOG!C:C,A61)),0)),"")} -> Communication 2 | S61: =IFERROR(VLOOKUP(H61, LEVEL_HELPER!A:B, 2, 0), 0) -> 2.5 | T61: =IFERROR(VLOOKUP(I61, LEVEL_HELPER!A:B, 2, 0), 0) -> 3.5 | U61: =IF(S61="",0,IF(S61<=2,1,IF(S61<=4,2,IF(S61<=5.5,3,4)))) -> 2 | V61: =IF(T61="",0,IF(T61<=2,1,IF(T61<=4,2,IF(T61<=5.5,3,4)))) -> 2 | W61: =IF(OR(H61="", H61="Not Placement"), "Not tested yet", IF(V61<U61, "Regressed", IF(V61=U61, IF(T61>S61, "Minor Improvement", "No Progress"), IF(V61-U61=1, "Lv"&U61&"→Lv"&V61, "Lv"&U61&"→Lv"&V61&" (multi)")))) -> Minor Improvement
A62: 247265 | B62: NGÔ THỤY THANH NHƯ | C62: =IFERROR(__xludf.DUMMYFUNCTION("arrayformula(VLOOKUP(to_Text(A62),to_Text(sheet2!$A$1:M1005),13,0))"),"CHORUS") -> CHORUS | D62: =IFERROR(__xludf.DUMMYFUNCTION("arrayformula(VLOOKUP(to_Text(A62),to_Text(sheet2!$A$1:M1005),12,0))"),"UI/UX") -> UI/UX | E62: =IF(OR(L62="✅ Completed",L62="❌ Dropped"),"Inactive",IF(M62="Waiting for class","Waiting for class","Active")) -> Inactive | F62: {=IFERROR( INDEX(ATTENDANCE_INPUT!D:D, MATCH(1, (ATTENDANCE_INPUT!A:A=A62) * (ATTENDANCE_INPUT!W:W=MAXIFS(ATTENDANCE_INPUT!W:W, ATTENDANCE_INPUT!A:A, A62)), 0)), "")} -> Huy Nguyen | G62: {=IFERROR( INDEX(ATTENDANCE_INPUT!E:E, MATCH(1, (ATTENDANCE_INPUT!A:A=A62) * (ATTENDANCE_INPUT!W:W=MAXIFS(ATTENDANCE_INPUT!W:W, ATTENDANCE_INPUT!A:A, A62)), 0)), "")} -> Communication 1 | H62: {=IF(ISNA(MATCH(A62,sheet2!A:A,0)),"⏳ Chưa test",IFERROR(INDEX(LEVEL_HELPER!A:A,MATCH(INDEX(sheet2!N:N,MATCH(A62,sheet2!A:A,0)),LEVEL_HELPER!B:B,0)),"⏳ Chưa test"))} -> Beginner | I62: {=IF(ISNA(MATCH(A62,sheet2!A:A,0)),H62,IF(INDEX(sheet2!O:O,MATCH(A62,sheet2!A:A,0))>0,IFERROR(INDEX(LEVEL_HELPER!A:A,MATCH(INDEX(sheet2!O:O,MATCH(A62,sheet2!A:A,0)),LEVEL_HELPER!B:B,0)),H62),H62))} -> Pre-Intermediate 2 | J62: =IFERROR(MAXIFS(ATTENDANCE_LOG!F:F, ATTENDANCE_LOG!C:C, A62&"", ATTENDANCE_LOG!G:G, "Present"), "") -> 45959.417 | K62: =IF(J62="", "", TODAY() - J62) -> 253.58333 | L62: =IF(M62="Completed (no continuation)","✅ Completed",IF(M62="Discontinued mid-course","❌ Dropped",IF(AND(ISNUMBER(K62),K62>=30),"⚠ Check",""))) -> ✅ Completed | M62: Completed (no continuation) | N62: High workload | P62: =IFERROR(__xludf.DUMMYFUNCTION("IFERROR(COUNTUNIQUEIFS(ATTENDANCE_LOG!B:B,ATTENDANCE_LOG!C:C,A62),0)"),1.0) -> 1 | Q62: {=IFERROR(INDEX(ATTENDANCE_LOG!A:A,MATCH(1,(ATTENDANCE_LOG!C:C=A62)*(ATTENDANCE_LOG!F:F=MAXIFS(ATTENDANCE_LOG!F:F,ATTENDANCE_LOG!C:C,A62)),0)),"")} -> EL039 | R62: {=IFERROR(INDEX(ATTENDANCE_LOG!B:B,MATCH(1,(ATTENDANCE_LOG!C:C=A62)*(ATTENDANCE_LOG!F:F=MAXIFS(ATTENDANCE_LOG!F:F,ATTENDANCE_LOG!C:C,A62)),0)),"")} -> Communication 1 | S62: =IFERROR(VLOOKUP(H62, LEVEL_HELPER!A:B, 2, 0), 0) -> 1 | T62: =IFERROR(VLOOKUP(I62, LEVEL_HELPER!A:B, 2, 0), 0) -> 3.5 | U62: =IF(S62="",0,IF(S62<=2,1,IF(S62<=4,2,IF(S62<=5.5,3,4)))) -> 1 | V62: =IF(T62="",0,IF(T62<=2,1,IF(T62<=4,2,IF(T62<=5.5,3,4)))) -> 2 | W62: =IF(OR(H62="", H62="Not Placement"), "Not tested yet", IF(V62<U62, "Regressed", IF(V62=U62, IF(T62>S62, "Minor Improvement", "No Progress"), IF(V62-U62=1, "Lv"&U62&"→Lv"&V62, "Lv"&U62&"→Lv"&V62&" (multi)")))) -> Lv1→Lv2 | Y62: 227171 | Z62: Above the team's level | AA62: Above the team's level
A63: 247415 | B63: NGUYỄN THỊ HIỀN NI | C63: =IFERROR(__xludf.DUMMYFUNCTION("arrayformula(VLOOKUP(to_Text(A63),to_Text(sheet2!$A$1:M1005),13,0))"),"LBU") -> LBU | D63: =IFERROR(__xludf.DUMMYFUNCTION("arrayformula(VLOOKUP(to_Text(A63),to_Text(sheet2!$A$1:M1005),12,0))"),"QC") -> QC | E63: =IF(OR(L63="✅ Completed",L63="❌ Dropped"),"Inactive",IF(M63="Waiting for class","Waiting for class","Active")) -> Inactive | F63: {=IFERROR( INDEX(ATTENDANCE_INPUT!D:D, MATCH(1, (ATTENDANCE_INPUT!A:A=A63) * (ATTENDANCE_INPUT!W:W=MAXIFS(ATTENDANCE_INPUT!W:W, ATTENDANCE_INPUT!A:A, A63)), 0)), "")} -> Huy Nguyen | G63: {=IFERROR( INDEX(ATTENDANCE_INPUT!E:E, MATCH(1, (ATTENDANCE_INPUT!A:A=A63) * (ATTENDANCE_INPUT!W:W=MAXIFS(ATTENDANCE_INPUT!W:W, ATTENDANCE_INPUT!A:A, A63)), 0)), "")} -> Communication 1 | H63: {=IF(ISNA(MATCH(A63,sheet2!A:A,0)),"⏳ Chưa test",IFERROR(INDEX(LEVEL_HELPER!A:A,MATCH(INDEX(sheet2!N:N,MATCH(A63,sheet2!A:A,0)),LEVEL_HELPER!B:B,0)),"⏳ Chưa test"))} -> Beginner | I63: {=IF(ISNA(MATCH(A63,sheet2!A:A,0)),H63,IF(INDEX(sheet2!O:O,MATCH(A63,sheet2!A:A,0))>0,IFERROR(INDEX(LEVEL_HELPER!A:A,MATCH(INDEX(sheet2!O:O,MATCH(A63,sheet2!A:A,0)),LEVEL_HELPER!B:B,0)),H63),H63))} -> Pre-Intermediate 2 | J63: =IFERROR(MAXIFS(ATTENDANCE_LOG!F:F, ATTENDANCE_LOG!C:C, A63&"", ATTENDANCE_LOG!G:G, "Present"), "") -> 45959.417 | K63: =IF(J63="", "", TODAY() - J63) -> 253.58333 | L63: =IF(M63="Completed (no continuation)","✅ Completed",IF(M63="Discontinued mid-course","❌ Dropped",IF(AND(ISNUMBER(K63),K63>=30),"⚠ Check",""))) -> ✅ Completed | M63: Completed (no continuation) | N63: High workload | P63: =IFERROR(__xludf.DUMMYFUNCTION("IFERROR(COUNTUNIQUEIFS(ATTENDANCE_LOG!B:B,ATTENDANCE_LOG!C:C,A63),0)"),1.0) -> 1 | Q63: {=IFERROR(INDEX(ATTENDANCE_LOG!A:A,MATCH(1,(ATTENDANCE_LOG!C:C=A63)*(ATTENDANCE_LOG!F:F=MAXIFS(ATTENDANCE_LOG!F:F,ATTENDANCE_LOG!C:C,A63)),0)),"")} -> EL039 | R63: {=IFERROR(INDEX(ATTENDANCE_LOG!B:B,MATCH(1,(ATTENDANCE_LOG!C:C=A63)*(ATTENDANCE_LOG!F:F=MAXIFS(ATTENDANCE_LOG!F:F,ATTENDANCE_LOG!C:C,A63)),0)),"")} -> Communication 1 | S63: =IFERROR(VLOOKUP(H63, LEVEL_HELPER!A:B, 2, 0), 0) -> 1 | T63: =IFERROR(VLOOKUP(I63, LEVEL_HELPER!A:B, 2, 0), 0) -> 3.5 | U63: =IF(S63="",0,IF(S63<=2,1,IF(S63<=4,2,IF(S63<=5.5,3,4)))) -> 1 | V63: =IF(T63="",0,IF(T63<=2,1,IF(T63<=4,2,IF(T63<=5.5,3,4)))) -> 2 | W63: =IF(OR(H63="", H63="Not Placement"), "Not tested yet", IF(V63<U63, "Regressed", IF(V63=U63, IF(T63>S63, "Minor Improvement", "No Progress"), IF(V63-U63=1, "Lv"&U63&"→Lv"&V63, "Lv"&U63&"→Lv"&V63&" (multi)")))) -> Lv1→Lv2 | Y63: 247278 | Z63: High workload / Can't arrange time | AA63: High workload
A64: 213946 | B64: TRƯƠNG NHỰT MINH THƯ | C64: =IFERROR(__xludf.DUMMYFUNCTION("arrayformula(VLOOKUP(to_Text(A64),to_Text(sheet2!$A$1:M1005),13,0))"),"MOC") -> MOC | D64: =IFERROR(__xludf.DUMMYFUNCTION("arrayformula(VLOOKUP(to_Text(A64),to_Text(sheet2!$A$1:M1005),12,0))"),"DEV") -> DEV | E64: =IF(OR(L64="✅ Completed",L64="❌ Dropped"),"Inactive",IF(M64="Waiting for class","Waiting for class","Active")) -> Inactive | F64: {=IFERROR( INDEX(ATTENDANCE_INPUT!D:D, MATCH(1, (ATTENDANCE_INPUT!A:A=A64) * (ATTENDANCE_INPUT!W:W=MAXIFS(ATTENDANCE_INPUT!W:W, ATTENDANCE_INPUT!A:A, A64)), 0)), "")} -> Huy Nguyen | G64: {=IFERROR( INDEX(ATTENDANCE_INPUT!E:E, MATCH(1, (ATTENDANCE_INPUT!A:A=A64) * (ATTENDANCE_INPUT!W:W=MAXIFS(ATTENDANCE_INPUT!W:W, ATTENDANCE_INPUT!A:A, A64)), 0)), "")} -> Communication 1 | H64: {=IF(ISNA(MATCH(A64,sheet2!A:A,0)),"⏳ Chưa test",IFERROR(INDEX(LEVEL_HELPER!A:A,MATCH(INDEX(sheet2!N:N,MATCH(A64,sheet2!A:A,0)),LEVEL_HELPER!B:B,0)),"⏳ Chưa test"))} -> Beginner | I64: {=IF(ISNA(MATCH(A64,sheet2!A:A,0)),H64,IF(INDEX(sheet2!O:O,MATCH(A64,sheet2!A:A,0))>0,IFERROR(INDEX(LEVEL_HELPER!A:A,MATCH(INDEX(sheet2!O:O,MATCH(A64,sheet2!A:A,0)),LEVEL_HELPER!B:B,0)),H64),H64))} -> Pre-Intermediate 1 | J64: =IFERROR(MAXIFS(ATTENDANCE_LOG!F:F, ATTENDANCE_LOG!C:C, A64&"", ATTENDANCE_LOG!G:G, "Present"), "") -> 45959.417 | K64: =IF(J64="", "", TODAY() - J64) -> 253.58333 | L64: =IF(M64="Completed (no continuation)","✅ Completed",IF(M64="Discontinued mid-course","❌ Dropped",IF(AND(ISNUMBER(K64),K64>=30),"⚠ Check",""))) -> ✅ Completed | M64: Completed (no continuation) | N64: Prefer different learning format | P64: =IFERROR(__xludf.DUMMYFUNCTION("IFERROR(COUNTUNIQUEIFS(ATTENDANCE_LOG!B:B,ATTENDANCE_LOG!C:C,A64),0)"),1.0) -> 1 | Q64: {=IFERROR(INDEX(ATTENDANCE_LOG!A:A,MATCH(1,(ATTENDANCE_LOG!C:C=A64)*(ATTENDANCE_LOG!F:F=MAXIFS(ATTENDANCE_LOG!F:F,ATTENDANCE_LOG!C:C,A64)),0)),"")} -> EL039 | R64: {=IFERROR(INDEX(ATTENDANCE_LOG!B:B,MATCH(1,(ATTENDANCE_LOG!C:C=A64)*(ATTENDANCE_LOG!F:F=MAXIFS(ATTENDANCE_LOG!F:F,ATTENDANCE_LOG!C:C,A64)),0)),"")} -> Communication 1 | S64: =IFERROR(VLOOKUP(H64, LEVEL_HELPER!A:B, 2, 0), 0) -> 1 | T64: =IFERROR(VLOOKUP(I64, LEVEL_HELPER!A:B, 2, 0), 0) -> 3 | U64: =IF(S64="",0,IF(S64<=2,1,IF(S64<=4,2,IF(S64<=5.5,3,4)))) -> 1 | V64: =IF(T64="",0,IF(T64<=2,1,IF(T64<=4,2,IF(T64<=5.5,3,4)))) -> 2 | W64: =IF(OR(H64="", H64="Not Placement"), "Not tested yet", IF(V64<U64, "Regressed", IF(V64=U64, IF(T64>S64, "Minor Improvement", "No Progress"), IF(V64-U64=1, "Lv"&U64&"→Lv"&V64, "Lv"&U64&"→Lv"&V64&" (multi)")))) -> Lv1→Lv2
A65: 237061 | B65: NGUYỄN TẤN HUY | C65: =IFERROR(__xludf.DUMMYFUNCTION("arrayformula(VLOOKUP(to_Text(A65),to_Text(sheet2!$A$1:M1005),13,0))"),"LBU") -> LBU | D65: =IFERROR(__xludf.DUMMYFUNCTION("arrayformula(VLOOKUP(to_Text(A65),to_Text(sheet2!$A$1:M1005),12,0))"),"DEV") -> DEV | E65: =IF(OR(L65="✅ Completed",L65="❌ Dropped"),"Inactive",IF(M65="Waiting for class","Waiting for class","Active")) -> Inactive | F65: {=IFERROR( INDEX(ATTENDANCE_INPUT!D:D, MATCH(1, (ATTENDANCE_INPUT!A:A=A65) * (ATTENDANCE_INPUT!W:W=MAXIFS(ATTENDANCE_INPUT!W:W, ATTENDANCE_INPUT!A:A, A65)), 0)), "")} -> Huy Nguyen | G65: {=IFERROR( INDEX(ATTENDANCE_INPUT!E:E, MATCH(1, (ATTENDANCE_INPUT!A:A=A65) * (ATTENDANCE_INPUT!W:W=MAXIFS(ATTENDANCE_INPUT!W:W, ATTENDANCE_INPUT!A:A, A65)), 0)), "")} -> Communication 1 | H65: {=IF(ISNA(MATCH(A65,sheet2!A:A,0)),"⏳ Chưa test",IFERROR(INDEX(LEVEL_HELPER!A:A,MATCH(INDEX(sheet2!N:N,MATCH(A65,sheet2!A:A,0)),LEVEL_HELPER!B:B,0)),"⏳ Chưa test"))} -> Beginner | I65: {=IF(ISNA(MATCH(A65,sheet2!A:A,0)),H65,IF(INDEX(sheet2!O:O,MATCH(A65,sheet2!A:A,0))>0,IFERROR(INDEX(LEVEL_HELPER!A:A,MATCH(INDEX(sheet2!O:O,MATCH(A65,sheet2!A:A,0)),LEVEL_HELPER!B:B,0)),H65),H65))} -> Beginner 2 | J65: =IFERROR(MAXIFS(ATTENDANCE_LOG!F:F, ATTENDANCE_LOG!C:C, A65&"", ATTENDANCE_LOG!G:G, "Present"), "") -> 45959.417 | K65: =IF(J65="", "", TODAY() - J65) -> 253.58333 | L65: =IF(M65="Completed (no continuation)","✅ Completed",IF(M65="Discontinued mid-course","❌ Dropped",IF(AND(ISNUMBER(K65),K65>=30),"⚠ Check",""))) -> ❌ Dropped | M65: Discontinued mid-course | N65: High workload | P65: =IFERROR(__xludf.DUMMYFUNCTION("IFERROR(COUNTUNIQUEIFS(ATTENDANCE_LOG!B:B,ATTENDANCE_LOG!C:C,A65),0)"),1.0) -> 1 | Q65: {=IFERROR(INDEX(ATTENDANCE_LOG!A:A,MATCH(1,(ATTENDANCE_LOG!C:C=A65)*(ATTENDANCE_LOG!F:F=MAXIFS(ATTENDANCE_LOG!F:F,ATTENDANCE_LOG!C:C,A65)),0)),"")} -> EL039 | R65: {=IFERROR(INDEX(ATTENDANCE_LOG!B:B,MATCH(1,(ATTENDANCE_LOG!C:C=A65)*(ATTENDANCE_LOG!F:F=MAXIFS(ATTENDANCE_LOG!F:F,ATTENDANCE_LOG!C:C,A65)),0)),"")} -> Communication 1 | S65: =IFERROR(VLOOKUP(H65, LEVEL_HELPER!A:B, 2, 0), 0) -> 1 | T65: =IFERROR(VLOOKUP(I65, LEVEL_HELPER!A:B, 2, 0), 0) -> 1.5 | U65: =IF(S65="",0,IF(S65<=2,1,IF(S65<=4,2,IF(S65<=5.5,3,4)))) -> 1 | V65: =IF(T65="",0,IF(T65<=2,1,IF(T65<=4,2,IF(T65<=5.5,3,4)))) -> 1 | W65: =IF(OR(H65="", H65="Not Placement"), "Not tested yet", IF(V65<U65, "Regressed", IF(V65=U65, IF(T65>S65, "Minor Improvement", "No Progress"), IF(V65-U65=1, "Lv"&U65&"→Lv"&V65, "Lv"&U65&"→Lv"&V65&" (multi)")))) -> Minor Improvement
A66: 183423 | B66: TRẦN VĨNH THUẬN | C66: =IFERROR(__xludf.DUMMYFUNCTION("arrayformula(VLOOKUP(to_Text(A66),to_Text(sheet2!$A$1:M1005),13,0))"),"ONC") -> ONC | D66: =IFERROR(__xludf.DUMMYFUNCTION("arrayformula(VLOOKUP(to_Text(A66),to_Text(sheet2!$A$1:M1005),12,0))"),"Management") -> Management | E66: =IF(OR(L66="✅ Completed",L66="❌ Dropped"),"Inactive",IF(M66="Waiting for class","Waiting for class","Active")) -> Inactive | F66: {=IFERROR( INDEX(ATTENDANCE_INPUT!D:D, MATCH(1, (ATTENDANCE_INPUT!A:A=A66) * (ATTENDANCE_INPUT!W:W=MAXIFS(ATTENDANCE_INPUT!W:W, ATTENDANCE_INPUT!A:A, A66)), 0)), "")} -> Huy Nguyen | G66: {=IFERROR( INDEX(ATTENDANCE_INPUT!E:E, MATCH(1, (ATTENDANCE_INPUT!A:A=A66) * (ATTENDANCE_INPUT!W:W=MAXIFS(ATTENDANCE_INPUT!W:W, ATTENDANCE_INPUT!A:A, A66)), 0)), "")} -> Communication 1 | H66: {=IF(ISNA(MATCH(A66,sheet2!A:A,0)),"⏳ Chưa test",IFERROR(INDEX(LEVEL_HELPER!A:A,MATCH(INDEX(sheet2!N:N,MATCH(A66,sheet2!A:A,0)),LEVEL_HELPER!B:B,0)),"⏳ Chưa test"))} -> Pre-Intermediate | I66: {=IF(ISNA(MATCH(A66,sheet2!A:A,0)),H66,IF(INDEX(sheet2!O:O,MATCH(A66,sheet2!A:A,0))>0,IFERROR(INDEX(LEVEL_HELPER!A:A,MATCH(INDEX(sheet2!O:O,MATCH(A66,sheet2!A:A,0)),LEVEL_HELPER!B:B,0)),H66),H66))} -> Pre-Intermediate | J66: =IFERROR(MAXIFS(ATTENDANCE_LOG!F:F, ATTENDANCE_LOG!C:C, A66&"", ATTENDANCE_LOG!G:G, "Present"), "") -> 45896.583 | K66: =IF(J66="", "", TODAY() - J66) -> 316.41667 | L66: =IF(M66="Completed (no continuation)","✅ Completed",IF(M66="Discontinued mid-course","❌ Dropped",IF(AND(ISNUMBER(K66),K66>=30),"⚠ Check",""))) -> ❌ Dropped | M66: Discontinued mid-course | N66: High workload | P66: =IFERROR(__xludf.DUMMYFUNCTION("IFERROR(COUNTUNIQUEIFS(ATTENDANCE_LOG!B:B,ATTENDANCE_LOG!C:C,A66),0)"),1.0) -> 1 | Q66: {=IFERROR(INDEX(ATTENDANCE_LOG!A:A,MATCH(1,(ATTENDANCE_LOG!C:C=A66)*(ATTENDANCE_LOG!F:F=MAXIFS(ATTENDANCE_LOG!F:F,ATTENDANCE_LOG!C:C,A66)),0)),"")} -> EL039 | R66: {=IFERROR(INDEX(ATTENDANCE_LOG!B:B,MATCH(1,(ATTENDANCE_LOG!C:C=A66)*(ATTENDANCE_LOG!F:F=MAXIFS(ATTENDANCE_LOG!F:F,ATTENDANCE_LOG!C:C,A66)),0)),"")} -> Communication 1 | S66: =IFERROR(VLOOKUP(H66, LEVEL_HELPER!A:B, 2, 0), 0) -> 2.5 | T66: =IFERROR(VLOOKUP(I66, LEVEL_HELPER!A:B, 2, 0), 0) -> 2.5 | U66: =IF(S66="",0,IF(S66<=2,1,IF(S66<=4,2,IF(S66<=5.5,3,4)))) -> 2 | V66: =IF(T66="",0,IF(T66<=2,1,IF(T66<=4,2,IF(T66<=5.5,3,4)))) -> 2 | W66: =IF(OR(H66="", H66="Not Placement"), "Not tested yet", IF(V66<U66, "Regressed", IF(V66=U66, IF(T66>S66, "Minor Improvement", "No Progress"), IF(V66-U66=1, "Lv"&U66&"→Lv"&V66, "Lv"&U66&"→Lv"&V66&" (multi)")))) -> No Progress
